mean_fit_time,std_fit_time,mean_score_time,std_score_time,param_knn__n_neighbors,param_umap__n_components,param_umap__n_neighbors,params,split0_test_score,split1_test_score,split2_test_score,split3_test_score,split4_test_score,split5_test_score,split6_test_score,split7_test_score,split8_test_score,split9_test_score,mean_test_score,std_test_score,rank_test_score
21.898887825012206,6.4618281377992,6.4461355924606325,2.666415341662584,5,2,10,"{'knn__n_neighbors': 5, 'umap__n_components': 2, 'umap__n_neighbors': 10}",0.39456869009584666,0.4208,0.4416,0.4272,0.4128,0.408,0.4048,0.4256,0.4064,0.4432,0.41849686900958466,0.015246761937203644,300
8.985228681564331,0.46331053576588943,1.302891492843628,0.06847243727181745,5,2,20,"{'knn__n_neighbors': 5, 'umap__n_components': 2, 'umap__n_neighbors': 20}",0.41214057507987223,0.424,0.4336,0.416,0.4144,0.4336,0.4032,0.4192,0.4032,0.424,0.4183340575079872,0.010239223194208566,301
8.8982670545578,0.14630479181817757,1.5945442199707032,0.07667702507763549,5,2,30,"{'knn__n_neighbors': 5, 'umap__n_components': 2, 'umap__n_neighbors': 30}",0.4329073482428115,0.4352,0.4272,0.4224,0.4352,0.424,0.4144,0.4304,0.4144,0.4224,0.42585073482428115,0.007325357730654847,254
9.74762966632843,0.11302537403518145,1.5973360776901244,0.1848829767935421,5,2,40,"{'knn__n_neighbors': 5, 'umap__n_components': 2, 'umap__n_neighbors': 40}",0.4536741214057508,0.4272,0.4448,0.4336,0.4464,0.4256,0.4208,0.4464,0.4048,0.4304,0.43336741214057506,0.014014383251107787,159
11.515543556213379,0.4301272892642979,2.037699007987976,0.39091781779406964,5,2,50,"{'knn__n_neighbors': 5, 'umap__n_components': 2, 'umap__n_neighbors': 50}",0.4472843450479233,0.4448,0.4288,0.4192,0.424,0.4576,0.424,0.4464,0.424,0.4416,0.43576843450479236,0.012555477758233192,110
9.146109652519225,0.5186418451406721,1.790854549407959,0.43367034830534484,5,3,10,"{'knn__n_neighbors': 5, 'umap__n_components': 3, 'umap__n_neighbors': 10}",0.4249201277955272,0.4304,0.4224,0.4256,0.4192,0.424,0.4032,0.4432,0.4176,0.4208,0.4231320127795527,0.00956510646575093,275
9.091713166236877,0.14104467836030418,1.6338575839996339,0.13263419712203173,5,3,20,"{'knn__n_neighbors': 5, 'umap__n_components': 3, 'umap__n_neighbors': 20}",0.41373801916932906,0.44,0.4512,0.44,0.4224,0.4608,0.4192,0.4432,0.4336,0.4304,0.4354538019169329,0.013881111148051862,114
10.16178343296051,0.1469765870942644,1.8867290496826172,0.16406289572901056,5,3,30,"{'knn__n_neighbors': 5, 'umap__n_components': 3, 'umap__n_neighbors': 30}",0.43450479233226835,0.4464,0.4544,0.4272,0.424,0.4272,0.4272,0.4256,0.4208,0.4368,0.43241047923322684,0.010179730117339492,173
10.739260625839233,0.16118526042140033,1.7698538780212403,0.18029906578903362,5,3,40,"{'knn__n_neighbors': 5, 'umap__n_components': 3, 'umap__n_neighbors': 40}",0.4488817891373802,0.4464,0.4144,0.4368,0.4192,0.4576,0.432,0.4432,0.4192,0.4224,0.434008178913738,0.014090659952547106,146
11.726247692108155,0.17321528849196052,1.6730031728744508,0.0587051382033193,5,3,50,"{'knn__n_neighbors': 5, 'umap__n_components': 3, 'umap__n_neighbors': 50}",0.45527156549520764,0.4528,0.448,0.4176,0.416,0.48,0.4336,0.4592,0.4384,0.448,0.44488715654952077,0.018374269295074505,34
7.669402456283569,0.2963153987962371,1.5669716119766235,0.11534561459841594,5,5,10,"{'knn__n_neighbors': 5, 'umap__n_components': 5, 'umap__n_neighbors': 10}",0.4233226837060703,0.44,0.4624,0.4464,0.4176,0.4144,0.4144,0.4656,0.4208,0.4432,0.43481226837060705,0.01843487804185786,117
8.712200284004211,0.17622852723947474,1.5197349309921264,0.1334794507756362,5,5,20,"{'knn__n_neighbors': 5, 'umap__n_components': 5, 'umap__n_neighbors': 20}",0.42971246006389774,0.456,0.4448,0.4288,0.4032,0.4576,0.408,0.4464,0.4336,0.4352,0.43433124600638984,0.017268253413522113,129
10.191971921920777,0.30474889193917615,1.6739741802215575,0.09855673609174488,5,5,30,"{'knn__n_neighbors': 5, 'umap__n_components': 5, 'umap__n_neighbors': 30}",0.4536741214057508,0.4384,0.4528,0.4304,0.4192,0.4576,0.4128,0.4528,0.44,0.4384,0.4396074121405751,0.014465961232996349,66
11.371308159828185,0.32474064911871536,1.7548654556274415,0.16644839310855472,5,5,40,"{'knn__n_neighbors': 5, 'umap__n_components': 5, 'umap__n_neighbors': 40}",0.46006389776357826,0.4592,0.4656,0.4384,0.4192,0.4816,0.416,0.4656,0.4352,0.4416,0.44824638977635783,0.020418742738060863,16
12.043917107582093,0.09284339343571105,1.6700802326202393,0.10606987988006422,5,5,50,"{'knn__n_neighbors': 5, 'umap__n_components': 5, 'umap__n_neighbors': 50}",0.46006389776357826,0.4672,0.4432,0.44,0.416,0.4672,0.416,0.4624,0.448,0.4416,0.44616638977635786,0.017979311345898707,26
7.710805821418762,0.1194385335128494,1.5266722440719604,0.12539592320886894,5,10,10,"{'knn__n_neighbors': 5, 'umap__n_components': 10, 'umap__n_neighbors': 10}",0.43130990415335463,0.4384,0.4368,0.4336,0.4,0.4352,0.4048,0.4528,0.4288,0.4496,0.4311309904153354,0.016081680433633692,193
9.475664281845093,0.0881850877377134,1.4622142314910889,0.07986071462324121,5,10,20,"{'knn__n_neighbors': 5, 'umap__n_components': 10, 'umap__n_neighbors': 20}",0.43130990415335463,0.4624,0.4608,0.4368,0.3952,0.4544,0.4224,0.456,0.4208,0.4304,0.4370509904153354,0.020430739562040945,94
10.793493843078613,0.09342287645932894,1.6034147024154664,0.113011524813791,5,10,30,"{'knn__n_neighbors': 5, 'umap__n_components': 10, 'umap__n_neighbors': 30}",0.43929712460063897,0.4448,0.4448,0.4288,0.392,0.4496,0.4144,0.4656,0.4288,0.424,0.4332097124600639,0.019491675107791304,160
12.590612959861755,0.37735529862733025,1.8073178291320802,0.2841671002011949,5,10,40,"{'knn__n_neighbors': 5, 'umap__n_components': 10, 'umap__n_neighbors': 40}",0.43929712460063897,0.4384,0.4336,0.4432,0.4144,0.456,0.4144,0.4656,0.4096,0.424,0.43384971246006393,0.01754489574089312,147
14.007995843887329,0.2547324260774805,1.762619137763977,0.06402691211918533,5,10,50,"{'knn__n_neighbors': 5, 'umap__n_components': 10, 'umap__n_neighbors': 50}",0.4440894568690096,0.4576,0.44,0.4448,0.4128,0.4464,0.4128,0.48,0.4224,0.432,0.43928894568690097,0.019593028543647154,71
9.418725943565368,0.2946969776826001,1.7270560264587402,0.20956819058903667,5,15,10,"{'knn__n_neighbors': 5, 'umap__n_components': 15, 'umap__n_neighbors': 10}",0.4249201277955272,0.4368,0.4352,0.4144,0.4032,0.4336,0.4016,0.4592,0.4208,0.448,0.42777201277955273,0.017583645330445593,228
11.309327650070191,0.06505906676891798,1.5877272129058837,0.07619975551908492,5,15,20,"{'knn__n_neighbors': 5, 'umap__n_components': 15, 'umap__n_neighbors': 20}",0.4217252396166134,0.448,0.4704,0.4336,0.3984,0.4672,0.408,0.4544,0.4096,0.4224,0.4333725239616613,0.02420647120231007,156
13.599629759788513,0.3822839423577438,2.001651382446289,0.19815798368428691,5,15,30,"{'knn__n_neighbors': 5, 'umap__n_components': 15, 'umap__n_neighbors': 30}",0.426517571884984,0.4544,0.4448,0.4336,0.3984,0.456,0.4064,0.4704,0.4144,0.424,0.4328917571884984,0.022133469473184574,165
14.99595935344696,0.2397615609728179,1.824874496459961,0.13449997243441375,5,15,40,"{'knn__n_neighbors': 5, 'umap__n_components': 15, 'umap__n_neighbors': 40}",0.4233226837060703,0.448,0.4352,0.4336,0.4096,0.4464,0.4192,0.4656,0.4288,0.432,0.434172268370607,0.015195618840065386,133
16.316129875183105,0.40731181221139995,1.9558302402496337,0.12621155144247675,5,15,50,"{'knn__n_neighbors': 5, 'umap__n_components': 15, 'umap__n_neighbors': 50}",0.44089456869009586,0.448,0.4352,0.4288,0.4064,0.4416,0.4112,0.464,0.4336,0.424,0.43336945686900963,0.016147938664182685,158
10.007792496681214,0.1484909205271912,1.730928325653076,0.1966302021706839,5,20,10,"{'knn__n_neighbors': 5, 'umap__n_components': 20, 'umap__n_neighbors': 10}",0.4185303514376997,0.432,0.4256,0.432,0.4,0.4144,0.3968,0.4528,0.4144,0.4464,0.42329303514377,0.017282473961547373,274
13.100451254844666,0.1575263794293773,1.8364361763000487,0.21562423928563748,5,20,20,"{'knn__n_neighbors': 5, 'umap__n_components': 20, 'umap__n_neighbors': 20}",0.4073482428115016,0.456,0.4576,0.4272,0.3888,0.4672,0.4176,0.456,0.4192,0.416,0.4312948242811502,0.024830659283507014,190
15.038680744171142,0.1791735762727153,1.9177729606628418,0.14771418516033416,5,20,30,"{'knn__n_neighbors': 5, 'umap__n_components': 20, 'umap__n_neighbors': 30}",0.43130990415335463,0.4352,0.4448,0.4064,0.3952,0.4496,0.4032,0.4544,0.4272,0.4176,0.42649099041533545,0.019370142916969663,244
16.995729064941408,0.3829062137526146,2.2294565200805665,0.24836445538525498,5,20,40,"{'knn__n_neighbors': 5, 'umap__n_components': 20, 'umap__n_neighbors': 40}",0.4424920127795527,0.448,0.4512,0.4144,0.3968,0.4384,0.4048,0.4496,0.4144,0.4112,0.42712920127795523,0.01969577500445101,236
18.27144887447357,0.4937150961472152,2.1221529483795165,0.16140883739112533,5,20,50,"{'knn__n_neighbors': 5, 'umap__n_components': 20, 'umap__n_neighbors': 50}",0.4440894568690096,0.4368,0.4528,0.4208,0.3888,0.44,0.4112,0.4528,0.4224,0.4144,0.428408945686901,0.01948270580949004,223
14.082580828666687,0.20489410989744058,1.9225310325622558,0.1829267359356531,5,30,10,"{'knn__n_neighbors': 5, 'umap__n_components': 30, 'umap__n_neighbors': 10}",0.4185303514376997,0.4432,0.4144,0.4384,0.4064,0.4112,0.3984,0.4352,0.4128,0.4576,0.42361303514376997,0.01790357404932184,268
17.48339204788208,0.47776702861664383,2.0611687898635864,0.3311112639307901,5,30,20,"{'knn__n_neighbors': 5, 'umap__n_components': 30, 'umap__n_neighbors': 20}",0.41214057507987223,0.448,0.4464,0.4368,0.392,0.4576,0.416,0.448,0.3984,0.4176,0.4272940575079872,0.02182433918994314,233
20.235243487358094,0.5348900894262674,2.109857368469238,0.23760954468622458,5,30,30,"{'knn__n_neighbors': 5, 'umap__n_components': 30, 'umap__n_neighbors': 30}",0.42971246006389774,0.432,0.4352,0.4064,0.3968,0.4288,0.4128,0.448,0.4368,0.4272,0.42537124600638976,0.01466775048833743,259
21.882078218460084,0.42852521619215933,2.3750805854797363,0.34658007620106646,5,30,40,"{'knn__n_neighbors': 5, 'umap__n_components': 30, 'umap__n_neighbors': 40}",0.426517571884984,0.4224,0.4416,0.3952,0.384,0.424,0.4048,0.4496,0.4112,0.432,0.41913175718849843,0.019398299635480145,298
24.965905714035035,0.3493589582758499,2.3603485584259034,0.14414011444690097,5,30,50,"{'knn__n_neighbors': 5, 'umap__n_components': 30, 'umap__n_neighbors': 50}",0.42012779552715657,0.4208,0.4384,0.408,0.4048,0.4288,0.408,0.4448,0.4304,0.416,0.42201277955271566,0.012784300983700517,286
11.386325693130493,0.7273331523641028,1.7456382036209106,0.24391741550468068,10,2,10,"{'knn__n_neighbors': 10, 'umap__n_components': 2, 'umap__n_neighbors': 10}",0.3993610223642173,0.4288,0.4304,0.4272,0.408,0.44,0.3968,0.4176,0.4112,0.4496,0.42089610223642177,0.016422476687969877,293
9.896775460243225,0.18200554337359048,1.7734883069992065,0.1978867062744336,10,2,20,"{'knn__n_neighbors': 10, 'umap__n_components': 2, 'umap__n_neighbors': 20}",0.4057507987220447,0.4128,0.4288,0.4208,0.408,0.4336,0.4032,0.4144,0.4064,0.432,0.4165750798722045,0.010895774218667957,309
10.499579095840454,0.24953811213613947,1.8122431278228759,0.19113554540134972,10,2,30,"{'knn__n_neighbors': 10, 'umap__n_components': 2, 'umap__n_neighbors': 30}",0.43130990415335463,0.4384,0.4272,0.4272,0.4368,0.4144,0.416,0.4416,0.4144,0.4208,0.4268109904153355,0.009666530026747727,239
12.710598921775818,0.4280943091397757,2.2731481313705446,0.23333429218967824,10,2,40,"{'knn__n_neighbors': 10, 'umap__n_components': 2, 'umap__n_neighbors': 40}",0.4488817891373802,0.4352,0.4416,0.4384,0.44,0.424,0.4176,0.4448,0.408,0.4256,0.432408178913738,0.012421146099385372,174
13.366406154632568,0.32428472698540206,2.1916865587234495,0.21152329993228255,10,2,50,"{'knn__n_neighbors': 10, 'umap__n_components': 2, 'umap__n_neighbors': 50}",0.44089456869009586,0.4416,0.4288,0.4176,0.4224,0.4576,0.4224,0.4416,0.4224,0.4464,0.43416945686900965,0.012542599097148503,137
11.30361740589142,1.1408612204883888,2.1029002189636232,0.3028986959665836,10,3,10,"{'knn__n_neighbors': 10, 'umap__n_components': 3, 'umap__n_neighbors': 10}",0.4329073482428115,0.4352,0.424,0.4192,0.4064,0.4288,0.4096,0.4608,0.408,0.4096,0.42345073482428114,0.016070357589008846,271
10.613741898536682,0.26597661552810736,2.226629900932312,0.2684246858729879,10,3,20,"{'knn__n_neighbors': 10, 'umap__n_components': 3, 'umap__n_neighbors': 20}",0.4233226837060703,0.4432,0.4384,0.4352,0.4192,0.4592,0.4192,0.4608,0.44,0.4304,0.436892268370607,0.014057428356440152,97
11.097778344154358,0.30752082355459737,1.8302414178848267,0.15636244695486337,10,3,30,"{'knn__n_neighbors': 10, 'umap__n_components': 3, 'umap__n_neighbors': 30}",0.42971246006389774,0.456,0.4512,0.4272,0.432,0.4256,0.4304,0.4288,0.4112,0.4288,0.4320912460063898,0.012122168042979942,178
12.192133116722108,0.205324144257409,2.228342866897583,0.24065357248586944,10,3,40,"{'knn__n_neighbors': 10, 'umap__n_components': 3, 'umap__n_neighbors': 40}",0.4472843450479233,0.4464,0.4096,0.4432,0.4224,0.4608,0.4368,0.448,0.4272,0.4224,0.4364084345047923,0.014797527684426005,105
13.788797068595887,0.14906481507870165,2.307327151298523,0.2604640785197885,10,3,50,"{'knn__n_neighbors': 10, 'umap__n_components': 3, 'umap__n_neighbors': 50}",0.4584664536741214,0.456,0.4512,0.4176,0.416,0.4768,0.4368,0.456,0.4416,0.4464,0.4456866453674121,0.017722388540914492,30
9.23850622177124,0.31240668870442395,1.8858933210372926,0.2661640894334989,10,5,10,"{'knn__n_neighbors': 10, 'umap__n_components': 5, 'umap__n_neighbors': 10}",0.43610223642172524,0.4624,0.4448,0.4288,0.4128,0.4448,0.4048,0.4704,0.416,0.4432,0.43641022364217247,0.020121847872200883,104
10.578145003318786,0.2722034742774033,1.9893042325973511,0.2146654128004352,10,5,20,"{'knn__n_neighbors': 10, 'umap__n_components': 5, 'umap__n_neighbors': 20}",0.43130990415335463,0.4544,0.4384,0.4352,0.4032,0.4576,0.4144,0.4464,0.4288,0.4384,0.4348109904153354,0.01589823751592132,120
11.562590146064759,0.15201334355196766,1.8593688488006592,0.1428463725576852,10,5,30,"{'knn__n_neighbors': 10, 'umap__n_components': 5, 'umap__n_neighbors': 30}",0.45527156549520764,0.4464,0.4512,0.432,0.4256,0.4512,0.4096,0.4528,0.4384,0.4432,0.4405671565495208,0.0137622819588823,60
12.396925258636475,0.20500505260230079,2.065181112289429,0.26541581862126407,10,5,40,"{'knn__n_neighbors': 10, 'umap__n_components': 5, 'umap__n_neighbors': 40}",0.46325878594249204,0.4608,0.464,0.448,0.4192,0.488,0.4208,0.4672,0.432,0.4432,0.4506458785942492,0.02097528024385784,9
14.671119618415833,0.4097550624355339,2.414549684524536,0.22496939654523038,10,5,50,"{'knn__n_neighbors': 10, 'umap__n_components': 5, 'umap__n_neighbors': 50}",0.46006389776357826,0.4704,0.4496,0.4528,0.4144,0.4736,0.416,0.4576,0.4432,0.4448,0.44824638977635783,0.018989603866408414,16
10.017993354797364,0.24425106484397147,1.8729246377944946,0.16035480039847022,10,10,10,"{'knn__n_neighbors': 10, 'umap__n_components': 10, 'umap__n_neighbors': 10}",0.4281150159744409,0.4384,0.4352,0.4256,0.4064,0.4544,0.4016,0.456,0.4224,0.4416,0.43097150159744413,0.01714139729204784,198
11.652713775634766,0.34813212188847487,2.1853109121322634,0.22895025767755806,10,10,20,"{'knn__n_neighbors': 10, 'umap__n_components': 10, 'umap__n_neighbors': 20}",0.4233226837060703,0.4528,0.4576,0.4352,0.4064,0.4624,0.4048,0.4592,0.4272,0.4192,0.43481226837060705,0.02083393214009715,117
13.773792290687561,0.17136530310825485,2.122814154624939,0.21032789007172142,10,10,30,"{'knn__n_neighbors': 10, 'umap__n_components': 10, 'umap__n_neighbors': 30}",0.426517571884984,0.4448,0.4512,0.4272,0.3984,0.456,0.416,0.4656,0.4176,0.4192,0.4322517571884984,0.020114828364211097,175
14.759401679039001,0.18793134830529815,2.277634596824646,0.2255450711674952,10,10,40,"{'knn__n_neighbors': 10, 'umap__n_components': 10, 'umap__n_neighbors': 40}",0.43769968051118213,0.4384,0.432,0.4464,0.424,0.456,0.4176,0.4656,0.4,0.424,0.4341699680511182,0.018160503144188524,136
15.077481818199157,0.30002985910577723,1.966139316558838,0.1580695967688044,10,10,50,"{'knn__n_neighbors': 10, 'umap__n_components': 10, 'umap__n_neighbors': 50}",0.4504792332268371,0.4496,0.4368,0.4432,0.416,0.4512,0.424,0.4816,0.4272,0.4352,0.4415279233226837,0.017532794506930252,55
9.670919418334961,0.10782886055663267,1.6213225841522216,0.21770640016708911,10,15,10,"{'knn__n_neighbors': 10, 'umap__n_components': 15, 'umap__n_neighbors': 10}",0.4217252396166134,0.432,0.4192,0.4176,0.4064,0.4336,0.3968,0.456,0.424,0.4352,0.42425252396166135,0.015568355248033412,266
12.502284002304076,0.2401900284403603,1.9443070411682128,0.2445267722701103,10,15,20,"{'knn__n_neighbors': 10, 'umap__n_components': 15, 'umap__n_neighbors': 20}",0.4169329073482428,0.4512,0.4656,0.4304,0.4096,0.464,0.4128,0.4528,0.408,0.4288,0.43401329073482425,0.021447433145127988,139
14.634801268577576,0.8999017013188176,2.205935072898865,0.32681442133409233,10,15,30,"{'knn__n_neighbors': 10, 'umap__n_components': 15, 'umap__n_neighbors': 30}",0.426517571884984,0.4496,0.4464,0.4304,0.4128,0.4528,0.4048,0.4784,0.4176,0.4224,0.4341717571884984,0.021204178185391605,134
17.148493361473083,0.25322836151524974,2.242186737060547,0.2648129939867159,10,15,40,"{'knn__n_neighbors': 10, 'umap__n_components': 15, 'umap__n_neighbors': 40}",0.4233226837060703,0.4528,0.4368,0.4336,0.4064,0.4544,0.4144,0.4784,0.424,0.432,0.43561226837060707,0.02021606042297069,111
18.696889519691467,0.6123279486651597,2.5497331380844117,0.23823046750178964,10,15,50,"{'knn__n_neighbors': 10, 'umap__n_components': 15, 'umap__n_neighbors': 50}",0.44089456869009586,0.448,0.4384,0.4352,0.408,0.4448,0.4064,0.464,0.4336,0.4192,0.43384945686900955,0.017139744587010532,148
11.854726648330688,0.25005487012630334,1.9886970043182373,0.2540009264433412,10,20,10,"{'knn__n_neighbors': 10, 'umap__n_components': 20, 'umap__n_neighbors': 10}",0.41214057507987223,0.4304,0.4176,0.424,0.3968,0.4304,0.4032,0.4544,0.4128,0.4336,0.4215340575079872,0.015864921164938095,290
14.200637364387513,0.5103351091322703,2.3088233709335326,0.3181229205608017,10,20,20,"{'knn__n_neighbors': 10, 'umap__n_components': 20, 'umap__n_neighbors': 20}",0.41214057507987223,0.4576,0.4576,0.424,0.3952,0.472,0.4176,0.4496,0.4176,0.416,0.4319340575079872,0.023882615589661996,181
16.301608943939208,0.5356982094849283,2.314394998550415,0.28692745774909495,10,20,30,"{'knn__n_neighbors': 10, 'umap__n_components': 20, 'umap__n_neighbors': 30}",0.4249201277955272,0.4336,0.4384,0.4,0.3968,0.4592,0.408,0.472,0.4256,0.4208,0.42793201277955273,0.022963970454114507,224
17.818057036399843,0.2733491092123428,2.2557066679000854,0.3093037436688648,10,20,40,"{'knn__n_neighbors': 10, 'umap__n_components': 20, 'umap__n_neighbors': 40}",0.43769968051118213,0.4432,0.4528,0.416,0.3872,0.4512,0.4128,0.4496,0.4112,0.4176,0.42792996805111827,0.020916488130851132,226
18.601617884635925,0.6674912280476272,2.1227039098739624,0.2081653532404697,10,20,50,"{'knn__n_neighbors': 10, 'umap__n_components': 20, 'umap__n_neighbors': 50}",0.4424920127795527,0.4368,0.4432,0.416,0.392,0.4416,0.408,0.4624,0.4096,0.416,0.4268092012779553,0.020482183522365194,240
13.07751705646515,0.16188209956013638,1.732583498954773,0.14571717167631135,10,30,10,"{'knn__n_neighbors': 10, 'umap__n_components': 30, 'umap__n_neighbors': 10}",0.41533546325878595,0.44,0.416,0.432,0.4176,0.4256,0.384,0.4432,0.4128,0.4496,0.4236135463258786,0.01802925603711209,267
18.129426288604737,0.66160282936321,2.3482351779937742,0.3214078284025485,10,30,20,"{'knn__n_neighbors': 10, 'umap__n_components': 30, 'umap__n_neighbors': 20}",0.4057507987220447,0.4544,0.4432,0.4336,0.384,0.4608,0.4096,0.4528,0.4048,0.4096,0.42585507987220445,0.025001240237157715,253
21.73366506099701,0.25305439164860366,2.5070765733718874,0.21893524195338768,10,30,30,"{'knn__n_neighbors': 10, 'umap__n_components': 30, 'umap__n_neighbors': 30}",0.4217252396166134,0.4272,0.4368,0.4,0.3968,0.4176,0.4096,0.448,0.4256,0.4256,0.4208925239616613,0.014926387578759087,294
23.51581199169159,0.3812647898603436,2.361042284965515,0.22984213711818757,10,30,40,"{'knn__n_neighbors': 10, 'umap__n_components': 30, 'umap__n_neighbors': 40}",0.42012779552715657,0.4144,0.4512,0.392,0.4016,0.4224,0.4032,0.4464,0.4128,0.4224,0.4186527795527156,0.017753270972868492,299
24.434593391418456,0.674046947526465,2.557572102546692,0.3782869069204287,10,30,50,"{'knn__n_neighbors': 10, 'umap__n_components': 30, 'umap__n_neighbors': 50}",0.42012779552715657,0.4176,0.4368,0.4016,0.4016,0.4272,0.3984,0.4448,0.4224,0.4128,0.41833277955271575,0.014588968748675593,302
12.110440015792847,0.9015941997775591,1.9076968908309937,0.27005686681904945,15,2,10,"{'knn__n_neighbors': 15, 'umap__n_components': 2, 'umap__n_neighbors': 10}",0.40415335463258784,0.432,0.4432,0.4112,0.4032,0.44,0.4032,0.4272,0.4064,0.4464,0.4216953354632588,0.01697143054097296,288
10.941726589202881,0.2761783558046907,2.0398760795593263,0.2572305733054476,15,2,20,"{'knn__n_neighbors': 15, 'umap__n_components': 2, 'umap__n_neighbors': 20}",0.40894568690095845,0.3936,0.4336,0.4192,0.4144,0.4576,0.4112,0.4192,0.3984,0.4224,0.4178545686900958,0.017187929145294007,304
11.343728089332581,0.2238742051401405,1.975497341156006,0.18152156997017552,15,2,30,"{'knn__n_neighbors': 15, 'umap__n_components': 2, 'umap__n_neighbors': 30}",0.4217252396166134,0.4256,0.4288,0.4432,0.4352,0.424,0.4208,0.432,0.4144,0.4144,0.42601252396166134,0.008619234350214722,252
12.492065024375915,0.12766036644857026,2.124169421195984,0.25913322052724774,15,2,40,"{'knn__n_neighbors': 15, 'umap__n_components': 2, 'umap__n_neighbors': 40}",0.44568690095846647,0.4256,0.4352,0.4352,0.4352,0.4336,0.4192,0.4512,0.4144,0.4336,0.4328886900958467,0.010480808923848915,167
13.699043011665344,0.20116397772196232,2.269146776199341,0.28260652742405823,15,2,50,"{'knn__n_neighbors': 15, 'umap__n_components': 2, 'umap__n_neighbors': 50}",0.44089456869009586,0.4448,0.4272,0.4096,0.424,0.448,0.424,0.4416,0.4288,0.4496,0.43384945686900955,0.012368138279787968,148
10.605223131179809,0.6261065117459941,1.9271610260009766,0.3148501369659793,15,3,10,"{'knn__n_neighbors': 15, 'umap__n_components': 3, 'umap__n_neighbors': 10}",0.43929712460063897,0.44,0.4272,0.4176,0.4128,0.4336,0.408,0.464,0.424,0.4288,0.4295297124600639,0.015271099574482567,216
10.280299186706543,0.15952571551123343,1.9407396078109742,0.1878761608424768,15,3,20,"{'knn__n_neighbors': 15, 'umap__n_components': 3, 'umap__n_neighbors': 20}",0.4249201277955272,0.4368,0.4336,0.44,0.4256,0.4624,0.4272,0.4544,0.4416,0.4272,0.43737201277955273,0.012067557239950797,91
11.31757719516754,0.21278124443426694,2.120592188835144,0.35107565514563877,15,3,30,"{'knn__n_neighbors': 15, 'umap__n_components': 3, 'umap__n_neighbors': 30}",0.43610223642172524,0.456,0.4448,0.424,0.4272,0.432,0.4368,0.4224,0.4144,0.4352,0.4328902236421725,0.011273789790167726,166
12.468073773384095,0.15414609078599956,2.137930488586426,0.2444012538996724,15,3,40,"{'knn__n_neighbors': 15, 'umap__n_components': 3, 'umap__n_neighbors': 40}",0.4520766773162939,0.4496,0.4112,0.448,0.4208,0.4608,0.4336,0.4448,0.4272,0.4192,0.4367276677316294,0.015767449223814515,99
13.379486584663391,0.2834483269277857,2.2433146715164183,0.22905767602977972,15,3,50,"{'knn__n_neighbors': 15, 'umap__n_components': 3, 'umap__n_neighbors': 50}",0.4584664536741214,0.4608,0.448,0.4192,0.4112,0.4736,0.432,0.4576,0.4432,0.4496,0.44536664536741216,0.018484699311329924,31
8.928864574432373,0.2954608443116549,1.760050368309021,0.22503608554070262,15,5,10,"{'knn__n_neighbors': 15, 'umap__n_components': 5, 'umap__n_neighbors': 10}",0.43929712460063897,0.4528,0.4576,0.432,0.416,0.456,0.4208,0.4704,0.4128,0.4368,0.43944971246006387,0.018466038747010517,67
9.904038572311402,0.21550942419486072,1.7771384716033936,0.2022192752345158,15,5,20,"{'knn__n_neighbors': 15, 'umap__n_components': 5, 'umap__n_neighbors': 20}",0.43450479233226835,0.4528,0.4464,0.4304,0.4096,0.4592,0.4208,0.4464,0.424,0.44,0.43641047923322684,0.01468574381487209,103
11.455347204208374,0.1479039169974173,1.8701280117034913,0.21803045341403066,15,5,30,"{'knn__n_neighbors': 15, 'umap__n_components': 5, 'umap__n_neighbors': 30}",0.4504792332268371,0.4432,0.4432,0.424,0.4176,0.4624,0.4128,0.4512,0.4336,0.448,0.43864792332268376,0.01530285337971,79
12.276209139823914,0.12825492036057512,2.014331316947937,0.1962855093750459,15,5,40,"{'knn__n_neighbors': 15, 'umap__n_components': 5, 'umap__n_neighbors': 40}",0.46325878594249204,0.4608,0.464,0.4592,0.416,0.4816,0.4208,0.4608,0.432,0.4368,0.4495258785942492,0.02047659027669136,11
13.799834060668946,0.25449486505325936,2.0798348665237425,0.18039798898451934,15,5,50,"{'knn__n_neighbors': 15, 'umap__n_components': 5, 'umap__n_neighbors': 50}",0.46006389776357826,0.4752,0.4432,0.4496,0.4144,0.4704,0.4192,0.4576,0.44,0.4416,0.4471263897763579,0.018869620242658692,21
9.077341437339783,0.2144548627628346,1.7939810276031494,0.2652470760870563,15,10,10,"{'knn__n_neighbors': 15, 'umap__n_components': 10, 'umap__n_neighbors': 10}",0.43450479233226835,0.432,0.4416,0.432,0.4144,0.448,0.4128,0.4544,0.4128,0.4448,0.43273047923322683,0.014358753377386334,169
10.755692601203918,0.17336769298173307,1.7371658563613892,0.17398753418556673,15,10,20,"{'knn__n_neighbors': 15, 'umap__n_components': 10, 'umap__n_neighbors': 20}",0.4185303514376997,0.4464,0.4688,0.432,0.4112,0.4528,0.4144,0.4608,0.4176,0.4176,0.43401303514377,0.020301990856788764,140
12.293258476257325,0.5458505417791064,1.9896671533584596,0.22349041098279407,15,10,30,"{'knn__n_neighbors': 15, 'umap__n_components': 10, 'umap__n_neighbors': 30}",0.4249201277955272,0.4336,0.456,0.4256,0.4096,0.456,0.4144,0.456,0.4144,0.4304,0.4320920127795527,0.0171621674823306,177
14.208422112464905,0.40602920519737334,2.2474793195724487,0.34567570458041724,15,10,40,"{'knn__n_neighbors': 15, 'umap__n_components': 10, 'umap__n_neighbors': 40}",0.4281150159744409,0.4464,0.4464,0.4464,0.4192,0.4576,0.4192,0.464,0.4048,0.432,0.43641150159744413,0.01785900231658066,101
18.070517349243165,0.7730403476376587,2.7751760244369508,0.3530786378306388,15,10,50,"{'knn__n_neighbors': 15, 'umap__n_components': 10, 'umap__n_neighbors': 50}",0.43929712460063897,0.4464,0.4368,0.4352,0.4112,0.456,0.4256,0.4784,0.416,0.4352,0.4380097124600638,0.018443214440305084,85
11.112106680870056,0.3522955438391486,1.8540202856063843,0.273145929686074,15,15,10,"{'knn__n_neighbors': 15, 'umap__n_components': 15, 'umap__n_neighbors': 10}",0.43929712460063897,0.4368,0.4272,0.4112,0.4048,0.4384,0.4144,0.456,0.4128,0.4496,0.42904971246006396,0.016702952019790482,218
15.920794129371643,2.993285413013172,3.120545434951782,0.5751365289455862,15,15,20,"{'knn__n_neighbors': 15, 'umap__n_components': 15, 'umap__n_neighbors': 20}",0.4217252396166134,0.44,0.456,0.4192,0.4,0.4768,0.4176,0.4464,0.4192,0.4192,0.4316125239616614,0.02163642605453392,187
22.829369592666627,2.971213823361692,3.117320346832275,0.44183633391911775,15,15,30,"{'knn__n_neighbors': 15, 'umap__n_components': 15, 'umap__n_neighbors': 30}",0.42012779552715657,0.4432,0.4512,0.4144,0.4144,0.4592,0.408,0.4656,0.4112,0.4192,0.43065277955271564,0.020682551123372556,204
20.196181201934813,0.8584200443193386,2.605122947692871,0.3026810747058708,15,15,40,"{'knn__n_neighbors': 15, 'umap__n_components': 15, 'umap__n_neighbors': 40}",0.4185303514376997,0.44,0.4416,0.4336,0.4096,0.4608,0.4144,0.464,0.4192,0.424,0.43257303514377005,0.017971276358767413,171
19.097432112693788,0.4928767538169797,2.5428595304489137,0.2887446477279424,15,15,50,"{'knn__n_neighbors': 15, 'umap__n_components': 15, 'umap__n_neighbors': 50}",0.426517571884984,0.4496,0.44,0.432,0.4048,0.4496,0.4064,0.4528,0.424,0.424,0.4309717571884984,0.016305962667816552,197
11.668673753738403,0.22919381941108108,2.2219440937042236,0.3462311158499323,15,20,10,"{'knn__n_neighbors': 15, 'umap__n_components': 20, 'umap__n_neighbors': 10}",0.43130990415335463,0.432,0.4176,0.4288,0.4048,0.448,0.4096,0.4608,0.424,0.4464,0.43033099041533546,0.016699162560860754,209
14.778200125694275,0.21432729985392635,2.2054962396621702,0.10177365656092824,15,20,20,"{'knn__n_neighbors': 15, 'umap__n_components': 20, 'umap__n_neighbors': 20}",0.4169329073482428,0.4512,0.4512,0.4192,0.4,0.4736,0.4192,0.448,0.4208,0.4192,0.4319332907348243,0.02142842219977017,182
16.715603613853453,0.3476003904019949,2.661969542503357,0.4392609994929501,15,20,30,"{'knn__n_neighbors': 15, 'umap__n_components': 20, 'umap__n_neighbors': 30}",0.4281150159744409,0.4256,0.4544,0.4032,0.3984,0.4608,0.408,0.4608,0.4176,0.408,0.42649150159744414,0.0228714178711536,243
17.624107551574706,0.3779471767422524,2.1998083114624025,0.2709733806429065,15,20,40,"{'knn__n_neighbors': 15, 'umap__n_components': 20, 'umap__n_neighbors': 40}",0.43610223642172524,0.432,0.448,0.408,0.3824,0.4528,0.4112,0.448,0.4032,0.4144,0.4236102236421725,0.022058070791245818,270
18.597760224342345,0.11199006199845786,2.2745774507522585,0.2070814012182885,15,20,50,"{'knn__n_neighbors': 15, 'umap__n_components': 20, 'umap__n_neighbors': 50}",0.4440894568690096,0.432,0.4416,0.4144,0.392,0.4384,0.4128,0.4512,0.4064,0.4128,0.42456894568690096,0.0184339612816816,265
13.556925463676453,0.17134219266805167,1.8274560451507569,0.23667304853852544,15,30,10,"{'knn__n_neighbors': 15, 'umap__n_components': 30, 'umap__n_neighbors': 10}",0.42971246006389774,0.4208,0.4176,0.4288,0.4288,0.448,0.4,0.44,0.4032,0.44,0.4256912460063898,0.01482548167662802,255
16.99460506439209,0.13635995075962987,2.0317275524139404,0.17479252957862018,15,30,20,"{'knn__n_neighbors': 15, 'umap__n_components': 30, 'umap__n_neighbors': 20}",0.41054313099041534,0.4416,0.44,0.4352,0.384,0.464,0.408,0.4496,0.4096,0.4128,0.42553431309904155,0.023006316864466192,256
19.421643447875976,0.3910445159716414,2.1681712865829468,0.23266128412143108,15,30,30,"{'knn__n_neighbors': 15, 'umap__n_components': 30, 'umap__n_neighbors': 30}",0.4249201277955272,0.4192,0.4416,0.4064,0.3952,0.416,0.4096,0.4384,0.4224,0.4176,0.4191320127795527,0.013259387766317576,297
21.87777817249298,0.22070588260996604,2.4222522497177126,0.187268716556331,15,30,40,"{'knn__n_neighbors': 15, 'umap__n_components': 30, 'umap__n_neighbors': 40}",0.4217252396166134,0.408,0.464,0.3968,0.3952,0.4192,0.4,0.4368,0.4032,0.4176,0.41625252396166135,0.02016606229573714,310
25.266674280166626,0.8793925900559849,2.6986706256866455,0.30252743972587026,15,30,50,"{'knn__n_neighbors': 15, 'umap__n_components': 30, 'umap__n_neighbors': 50}",0.4217252396166134,0.4208,0.4416,0.4032,0.3936,0.4304,0.3984,0.4368,0.4144,0.408,0.4168925239616613,0.015443873796577866,308
12.146914625167847,0.7583845448649047,1.903666377067566,0.2971963984876475,20,2,10,"{'knn__n_neighbors': 20, 'umap__n_components': 2, 'umap__n_neighbors': 10}",0.3913738019169329,0.4368,0.44,0.408,0.4128,0.4496,0.4128,0.424,0.4016,0.448,0.4224973801916933,0.019239880816866763,281
10.119876408576966,0.15013459627634707,1.7676296710968018,0.1800518297016211,20,2,20,"{'knn__n_neighbors': 20, 'umap__n_components': 2, 'umap__n_neighbors': 20}",0.3913738019169329,0.3968,0.4352,0.4128,0.4192,0.464,0.416,0.4224,0.4032,0.4128,0.41737738019169324,0.019657766582452267,306
10.903464365005494,0.15924604256160785,1.865852689743042,0.27723096414466447,20,2,30,"{'knn__n_neighbors': 20, 'umap__n_components': 2, 'umap__n_neighbors': 30}",0.43450479233226835,0.4304,0.432,0.4464,0.4272,0.4272,0.4192,0.4336,0.4128,0.416,0.4279304792332269,0.009421804455176357,225
12.090517663955689,0.5137570878307768,2.342354941368103,0.5049328427402937,20,2,40,"{'knn__n_neighbors': 20, 'umap__n_components': 2, 'umap__n_neighbors': 40}",0.4520766773162939,0.4208,0.4448,0.432,0.4368,0.4256,0.408,0.448,0.4112,0.4288,0.4308076677316294,0.014202170290771103,203
13.449646830558777,0.2906799302605516,2.5082481145858764,0.29330926442298094,20,2,50,"{'knn__n_neighbors': 20, 'umap__n_components': 2, 'umap__n_neighbors': 50}",0.43610223642172524,0.44,0.4432,0.4096,0.4208,0.456,0.4208,0.4448,0.4224,0.4464,0.43401022364217257,0.013992349169257587,143
10.032910299301147,0.6962698950405767,1.5903780937194825,0.22303849434411438,20,3,10,"{'knn__n_neighbors': 20, 'umap__n_components': 3, 'umap__n_neighbors': 10}",0.42971246006389774,0.4464,0.4224,0.4176,0.4192,0.448,0.4208,0.4608,0.4144,0.4192,0.42985124600638985,0.015212696676489355,211
9.70472629070282,0.12527901978588088,1.8987981796264648,0.2235590965164262,20,3,20,"{'knn__n_neighbors': 20, 'umap__n_components': 3, 'umap__n_neighbors': 20}",0.4185303514376997,0.4288,0.432,0.4384,0.4128,0.472,0.4224,0.4576,0.4304,0.44,0.43529303514377,0.01704966459438671,116
10.675411367416382,0.5597443103858425,2.020305800437927,0.35301122201814833,20,3,30,"{'knn__n_neighbors': 20, 'umap__n_components': 3, 'umap__n_neighbors': 30}",0.4472843450479233,0.4464,0.4464,0.4256,0.424,0.4336,0.4336,0.424,0.408,0.44,0.4328884345047923,0.012060340147984735,168
11.984744119644166,0.33990072956306105,2.0122916460037232,0.21269212085353406,20,3,40,"{'knn__n_neighbors': 20, 'umap__n_components': 3, 'umap__n_neighbors': 40}",0.45686900958466453,0.4416,0.4224,0.4464,0.4224,0.4656,0.432,0.4464,0.4208,0.4128,0.4367269009584664,0.016459865464245528,100
12.354404282569885,0.22175724446064854,2.0057615995407105,0.2295936430800208,20,3,50,"{'knn__n_neighbors': 20, 'umap__n_components': 3, 'umap__n_neighbors': 50}",0.46006389776357826,0.4512,0.4576,0.4208,0.4112,0.4816,0.4336,0.4592,0.4416,0.4464,0.44632638977635786,0.01954299853513598,25
8.357233119010925,0.25254519155866745,1.5786245107650756,0.12070178074397638,20,5,10,"{'knn__n_neighbors': 20, 'umap__n_components': 5, 'umap__n_neighbors': 10}",0.42971246006389774,0.4576,0.4512,0.4192,0.4112,0.4656,0.4256,0.4496,0.4224,0.4448,0.4376912460063898,0.017428396449205494,87
9.596561622619628,0.10119327289129793,1.7288974285125733,0.20488454068418444,20,5,20,"{'knn__n_neighbors': 20, 'umap__n_components': 5, 'umap__n_neighbors': 20}",0.44089456869009586,0.4432,0.4336,0.432,0.4048,0.464,0.416,0.448,0.4144,0.4336,0.4330494568690096,0.016686101267173594,164
11.040607404708862,0.16152931376240381,1.9251996755599976,0.3428941607613278,20,5,30,"{'knn__n_neighbors': 20, 'umap__n_components': 5, 'umap__n_neighbors': 30}",0.4472843450479233,0.4432,0.4416,0.4336,0.4128,0.472,0.4032,0.4544,0.4304,0.4496,0.43880843450479234,0.018979945730911635,77
12.022954487800598,0.11976884782574938,1.9319395303726197,0.22518168555159113,20,5,40,"{'knn__n_neighbors': 20, 'umap__n_components': 5, 'umap__n_neighbors': 40}",0.4696485623003195,0.4544,0.4656,0.4544,0.4112,0.4928,0.4272,0.4672,0.432,0.4352,0.45096485623003196,0.023140519711154335,6
13.107223677635194,0.14068768846697824,2.0283123016357423,0.21965456426309393,20,5,50,"{'knn__n_neighbors': 20, 'umap__n_components': 5, 'umap__n_neighbors': 50}",0.4696485623003195,0.4736,0.4512,0.4512,0.4112,0.4816,0.416,0.456,0.4336,0.4368,0.4480848562300319,0.0224687076706095,18
8.61708710193634,0.1369908093242378,1.5623688459396363,0.16706288302521072,20,10,10,"{'knn__n_neighbors': 20, 'umap__n_components': 10, 'umap__n_neighbors': 10}",0.43450479233226835,0.4432,0.4272,0.4352,0.4288,0.4592,0.416,0.4384,0.4192,0.44,0.4341704792332268,0.011801543049996048,135
10.41221227645874,0.1252845336708197,1.7681458473205567,0.27083851751798516,20,10,20,"{'knn__n_neighbors': 20, 'umap__n_components': 10, 'umap__n_neighbors': 20}",0.4233226837060703,0.44,0.4592,0.4336,0.4096,0.4656,0.4112,0.4544,0.4176,0.4256,0.434012268370607,0.019117122111111398,141
12.192098331451415,0.14661243332042984,1.8454780578613281,0.19156180181215998,20,10,30,"{'knn__n_neighbors': 20, 'umap__n_components': 10, 'umap__n_neighbors': 30}",0.4249201277955272,0.4304,0.4544,0.4336,0.4064,0.472,0.416,0.4528,0.4176,0.4256,0.43337201277955273,0.019314503358251557,157
13.294843506813049,0.12766736563936723,1.9598296403884887,0.22275620350748637,20,10,40,"{'knn__n_neighbors': 20, 'umap__n_components': 10, 'umap__n_neighbors': 40}",0.44568690095846647,0.432,0.4416,0.4464,0.4096,0.4736,0.4192,0.472,0.4048,0.4256,0.4370486900958467,0.02238061335398981,96
14.636645627021789,0.09422658008299359,2.026953101158142,0.21530495531050078,20,10,50,"{'knn__n_neighbors': 20, 'umap__n_components': 10, 'umap__n_neighbors': 50}",0.4504792332268371,0.4464,0.4432,0.44,0.4144,0.4736,0.4208,0.4752,0.4112,0.4384,0.4413679233226837,0.02089569856897593,56
9.374586582183838,0.1891247653600062,1.664547061920166,0.17718438481767868,20,15,10,"{'knn__n_neighbors': 20, 'umap__n_components': 15, 'umap__n_neighbors': 10}",0.43610223642172524,0.4384,0.4224,0.4016,0.4128,0.4608,0.4208,0.4512,0.4176,0.4432,0.4304902236421725,0.01753931041162445,206
11.673954510688782,0.100460640176815,1.6549403429031373,0.12061321018635877,20,15,20,"{'knn__n_neighbors': 20, 'umap__n_components': 15, 'umap__n_neighbors': 20}",0.43130990415335463,0.4288,0.448,0.4208,0.3968,0.48,0.4096,0.448,0.4176,0.408,0.4288909904153355,0.02319408723425476,220
14.119740271568299,0.8848235641899826,2.1229520082473754,0.3175077043599254,20,15,30,"{'knn__n_neighbors': 20, 'umap__n_components': 15, 'umap__n_neighbors': 30}",0.43130990415335463,0.4288,0.4576,0.4256,0.4128,0.464,0.4064,0.4544,0.4208,0.4128,0.4314509904153354,0.019359395953998732,189
16.574405121803284,0.3810267533339975,2.2783170700073243,0.2474992271519478,20,15,40,"{'knn__n_neighbors': 20, 'umap__n_components': 15, 'umap__n_neighbors': 40}",0.42971246006389774,0.4304,0.4528,0.4368,0.4032,0.4704,0.4144,0.4608,0.4064,0.4304,0.4335312460063898,0.021309964091096947,154
17.711694407463074,0.2650887957102714,2.2390719175338747,0.22830188588891628,20,15,50,"{'knn__n_neighbors': 20, 'umap__n_components': 15, 'umap__n_neighbors': 50}",0.4440894568690096,0.4448,0.4512,0.4304,0.4016,0.4592,0.408,0.4672,0.4176,0.432,0.435608945686901,0.020584824696065863,112
10.610558199882508,0.2684659674278645,1.9496909141540528,0.4722567755614971,20,20,10,"{'knn__n_neighbors': 20, 'umap__n_components': 20, 'umap__n_neighbors': 10}",0.4233226837060703,0.4384,0.4176,0.4288,0.4192,0.4528,0.4192,0.4464,0.4128,0.44,0.4298522683706071,0.012992491318242037,210
13.736851334571838,0.22956400785425285,2.0350935459136963,0.21642146556714406,20,20,20,"{'knn__n_neighbors': 20, 'umap__n_components': 20, 'umap__n_neighbors': 20}",0.4169329073482428,0.4336,0.4528,0.4144,0.3984,0.4896,0.3984,0.432,0.4144,0.4096,0.42601329073482425,0.026458968994878138,250
15.526026487350464,0.4683855008068659,2.255249285697937,0.28894118766971455,20,20,30,"{'knn__n_neighbors': 20, 'umap__n_components': 20, 'umap__n_neighbors': 30}",0.43450479233226835,0.4192,0.448,0.4096,0.3968,0.4704,0.4016,0.4528,0.4128,0.4064,0.42521047923322686,0.023582404589446233,263
18.267870211601256,0.35894698605573844,2.595883369445801,0.33443537258927214,20,20,40,"{'knn__n_neighbors': 20, 'umap__n_components': 20, 'umap__n_neighbors': 40}",0.4440894568690096,0.432,0.448,0.4112,0.3904,0.4592,0.3984,0.4352,0.3984,0.4176,0.42344894568690095,0.022471114055008363,272
19.580544328689577,0.4560654179577118,2.3114342212677004,0.16920369785945044,20,20,50,"{'knn__n_neighbors': 20, 'umap__n_components': 20, 'umap__n_neighbors': 50}",0.4472843450479233,0.4304,0.4432,0.4112,0.3952,0.4528,0.4032,0.4512,0.3936,0.4256,0.42536843450479234,0.022033961501218263,261
13.692071723937989,0.32395714370009093,1.8686475038528443,0.2017295915820625,20,30,10,"{'knn__n_neighbors': 20, 'umap__n_components': 30, 'umap__n_neighbors': 10}",0.42012779552715657,0.4272,0.4304,0.4224,0.4352,0.4544,0.4192,0.4352,0.4144,0.4448,0.43033277955271565,0.011792340729670989,207
17.43012065887451,0.3861170328850407,2.356482148170471,0.25298767454731236,20,30,20,"{'knn__n_neighbors': 20, 'umap__n_components': 30, 'umap__n_neighbors': 20}",0.41373801916932906,0.4224,0.4432,0.4208,0.3904,0.4672,0.392,0.4528,0.4016,0.4176,0.42217380191693293,0.024175934844764692,285
21.265325117111207,0.19714789709976355,2.365825319290161,0.22415595046222536,20,30,30,"{'knn__n_neighbors': 20, 'umap__n_components': 30, 'umap__n_neighbors': 30}",0.43929712460063897,0.4128,0.4432,0.4048,0.4,0.4352,0.3872,0.4368,0.4224,0.4128,0.4194497124600639,0.01799219512479368,296
22.91068480014801,0.27373202398604896,2.5652485847473145,0.2762821440384916,20,30,40,"{'knn__n_neighbors': 20, 'umap__n_components': 30, 'umap__n_neighbors': 40}",0.4217252396166134,0.4144,0.4576,0.3984,0.3952,0.4256,0.3936,0.4304,0.3984,0.4128,0.4148125239616614,0.019014408681974196,313
25.492455792427062,0.8307796348196779,3.0291301012039185,0.5012008908006165,20,30,50,"{'knn__n_neighbors': 20, 'umap__n_components': 30, 'umap__n_neighbors': 50}",0.4249201277955272,0.4144,0.4512,0.3984,0.3952,0.4416,0.392,0.4416,0.4224,0.4,0.41817201277955274,0.020494077887875637,303
12.837690544128417,0.916430832557479,2.094760537147522,0.41862852485830915,25,2,10,"{'knn__n_neighbors': 25, 'umap__n_components': 2, 'umap__n_neighbors': 10}",0.4057507987220447,0.424,0.432,0.424,0.4064,0.4352,0.416,0.4192,0.408,0.432,0.42025507987220445,0.01048345877870297,295
12.164886569976806,0.24703974586990282,2.2687739372253417,0.20172748107117858,25,2,20,"{'knn__n_neighbors': 25, 'umap__n_components': 2, 'umap__n_neighbors': 20}",0.402555910543131,0.3968,0.44,0.4096,0.4272,0.4544,0.4368,0.4272,0.4128,0.416,0.4223355910543131,0.01712678137085126,282
12.256474900245667,0.3268873363822382,2.0875247955322265,0.2506905641050214,25,2,30,"{'knn__n_neighbors': 25, 'umap__n_components': 2, 'umap__n_neighbors': 30}",0.43450479233226835,0.4144,0.4256,0.456,0.4336,0.4272,0.4208,0.4272,0.4096,0.416,0.42649047923322686,0.012495142231414349,245
12.93006248474121,0.33534815587318917,2.4797213554382322,0.2853284238142679,25,2,40,"{'knn__n_neighbors': 25, 'umap__n_components': 2, 'umap__n_neighbors': 40}",0.4520766773162939,0.424,0.4416,0.4272,0.4416,0.4224,0.4176,0.4496,0.4128,0.432,0.4320876677316294,0.012854089293881925,180
13.85293071269989,0.21243405945479688,2.3990341901779173,0.26645296151156345,25,2,50,"{'knn__n_neighbors': 25, 'umap__n_components': 2, 'umap__n_neighbors': 50}",0.4488817891373802,0.4368,0.4384,0.4144,0.4096,0.4544,0.4224,0.4512,0.4192,0.4368,0.433208178913738,0.015150438414788386,161
10.397298240661621,0.8441767376703767,2.0837610483169557,0.5286486303337447,25,3,10,"{'knn__n_neighbors': 25, 'umap__n_components': 3, 'umap__n_neighbors': 10}",0.44568690095846647,0.44,0.4272,0.4272,0.408,0.4448,0.4304,0.4656,0.4384,0.4144,0.4341686900958467,0.015724055108427462,138
11.355323982238769,0.6173204367642086,2.7351735830307007,0.4993289554872541,25,3,20,"{'knn__n_neighbors': 25, 'umap__n_components': 3, 'umap__n_neighbors': 20}",0.42012779552715657,0.4336,0.44,0.4336,0.4192,0.4768,0.4336,0.464,0.4384,0.4384,0.43977277955271565,0.016986077296697606,63
11.89835159778595,0.38438476547528294,2.2641743421554565,0.4944710929621357,25,3,30,"{'knn__n_neighbors': 25, 'umap__n_components': 3, 'umap__n_neighbors': 30}",0.4424920127795527,0.4464,0.448,0.424,0.4272,0.4384,0.44,0.4224,0.4208,0.4336,0.43432920127795527,0.009650650476698518,131
12.573482751846313,0.25311914020420034,2.42181601524353,0.25171317494964235,25,3,40,"{'knn__n_neighbors': 25, 'umap__n_components': 3, 'umap__n_neighbors': 40}",0.4584664536741214,0.4464,0.424,0.4448,0.4176,0.472,0.4288,0.448,0.4224,0.4224,0.4384866453674121,0.01724188936531817,81
13.361141967773438,0.28455971151500764,2.1200992584228517,0.19366138321745974,25,3,50,"{'knn__n_neighbors': 25, 'umap__n_components': 3, 'umap__n_neighbors': 50}",0.46006389776357826,0.4592,0.4608,0.4224,0.4032,0.4736,0.4368,0.4576,0.44,0.4512,0.44648638977635785,0.02005369659229671,22
8.747351551055909,0.34198124087761306,1.7300622463226318,0.28373300231081433,25,5,10,"{'knn__n_neighbors': 25, 'umap__n_components': 5, 'umap__n_neighbors': 10}",0.4504792332268371,0.448,0.4352,0.4336,0.4192,0.456,0.4304,0.4304,0.4144,0.4368,0.4354479233226837,0.012526612903178488,115
10.41715042591095,0.16729198076945723,2.0334221839904787,0.1657612320484627,25,5,20,"{'knn__n_neighbors': 25, 'umap__n_components': 5, 'umap__n_neighbors': 20}",0.43769968051118213,0.4416,0.4416,0.4384,0.4128,0.4576,0.4288,0.4576,0.4384,0.4368,0.43912996805111826,0.012259697850395357,73
12.6385018825531,0.2679102052356982,2.436156153678894,0.2244005537101362,25,5,30,"{'knn__n_neighbors': 25, 'umap__n_components': 5, 'umap__n_neighbors': 30}",0.4504792332268371,0.44,0.4512,0.432,0.4064,0.4704,0.4064,0.456,0.4336,0.4352,0.43816792332268373,0.01941074259142804,84
14.84338641166687,0.44781700839391975,2.79140419960022,0.397419852454219,25,5,40,"{'knn__n_neighbors': 25, 'umap__n_components': 5, 'umap__n_neighbors': 40}",0.46166134185303515,0.4608,0.4688,0.4512,0.4064,0.4832,0.4272,0.464,0.4272,0.4352,0.4485661341853035,0.022460781780845915,14
15.821492409706115,0.6529774503353835,2.5057156801223757,0.37584908987291277,25,5,50,"{'knn__n_neighbors': 25, 'umap__n_components': 5, 'umap__n_neighbors': 50}",0.46006389776357826,0.464,0.4512,0.4512,0.4064,0.4816,0.4208,0.4608,0.4384,0.4272,0.4461663897763578,0.0216249771438668,27
9.416276168823241,0.22098853085898096,1.765633463859558,0.18971784177065298,25,10,10,"{'knn__n_neighbors': 25, 'umap__n_components': 10, 'umap__n_neighbors': 10}",0.43450479233226835,0.4256,0.4288,0.4288,0.4176,0.4672,0.4096,0.4432,0.4272,0.4256,0.43081047923322685,0.014802582166912442,201
11.416471481323242,0.14440023175785424,1.9330581188201905,0.20498602280861733,25,10,20,"{'knn__n_neighbors': 25, 'umap__n_components': 10, 'umap__n_neighbors': 20}",0.42012779552715657,0.4288,0.4624,0.4288,0.4048,0.4624,0.4112,0.4496,0.4112,0.424,0.43033277955271565,0.01990184162042943,207
13.280284571647645,0.5376418497076302,2.285073184967041,0.3931746941574153,25,10,30,"{'knn__n_neighbors': 25, 'umap__n_components': 10, 'umap__n_neighbors': 30}",0.4281150159744409,0.4304,0.448,0.4256,0.416,0.456,0.424,0.4576,0.4256,0.4256,0.4336915015974441,0.013853812920410371,152
14.439665246009827,0.24145489884997678,2.1892754077911376,0.1938437439752848,25,10,40,"{'knn__n_neighbors': 25, 'umap__n_components': 10, 'umap__n_neighbors': 40}",0.4472843450479233,0.432,0.44,0.4384,0.4128,0.4656,0.4224,0.4656,0.4176,0.4416,0.4383284345047923,0.017193953503279916,82
16.64740993976593,0.6314661384197754,2.350673294067383,0.26823196759006984,25,10,50,"{'knn__n_neighbors': 25, 'umap__n_components': 10, 'umap__n_neighbors': 50}",0.4472843450479233,0.4544,0.4448,0.432,0.4144,0.464,0.4176,0.4704,0.424,0.4336,0.4402484345047923,0.01816888682816174,61
10.624025464057922,0.20757946492336068,1.8603137254714965,0.24084692501844673,25,15,10,"{'knn__n_neighbors': 25, 'umap__n_components': 15, 'umap__n_neighbors': 10}",0.43450479233226835,0.4384,0.432,0.416,0.4208,0.4688,0.4176,0.4432,0.4144,0.4272,0.4312904792332269,0.01563163391153646,191
13.132538914680481,0.11512087829396857,2.0875967025756834,0.2085184560521314,25,15,20,"{'knn__n_neighbors': 25, 'umap__n_components': 15, 'umap__n_neighbors': 20}",0.43610223642172524,0.416,0.4512,0.4096,0.4016,0.4768,0.4128,0.4384,0.416,0.4032,0.42617022364217244,0.02286833054649352,248
14.961054277420043,0.22588019427293762,2.1267194986343383,0.2579234533156387,25,15,30,"{'knn__n_neighbors': 25, 'umap__n_components': 15, 'umap__n_neighbors': 30}",0.4424920127795527,0.4352,0.4496,0.416,0.416,0.4688,0.4064,0.44,0.4224,0.4144,0.43112920127795523,0.018466237916866423,195
16.386026215553283,0.501209286441409,2.4615277528762816,0.2957021349098449,25,15,40,"{'knn__n_neighbors': 25, 'umap__n_components': 15, 'umap__n_neighbors': 40}",0.43450479233226835,0.4224,0.4496,0.4288,0.4,0.4624,0.4096,0.4592,0.4176,0.4352,0.4319304792332269,0.019559513422520658,184
18.13427879810333,0.47473224959184573,2.199637460708618,0.3237303843042425,25,15,50,"{'knn__n_neighbors': 25, 'umap__n_components': 15, 'umap__n_neighbors': 50}",0.44089456869009586,0.4384,0.448,0.4288,0.3952,0.4608,0.4096,0.4624,0.4192,0.4352,0.43384945686900955,0.020336637984385626,148
10.38687756061554,0.18786077621019567,1.8400707483291625,0.2646479506842145,25,20,10,"{'knn__n_neighbors': 25, 'umap__n_components': 20, 'umap__n_neighbors': 10}",0.4217252396166134,0.4432,0.4144,0.432,0.4288,0.4656,0.4224,0.4544,0.4272,0.4272,0.43369252396166136,0.015137121018635064,151
13.967879009246825,0.21410395105633453,2.1346142053604127,0.28966326629905537,25,20,20,"{'knn__n_neighbors': 25, 'umap__n_components': 20, 'umap__n_neighbors': 20}",0.43450479233226835,0.4352,0.4464,0.4176,0.4048,0.4656,0.4032,0.4352,0.4192,0.4032,0.42649047923322686,0.019568969808941763,245
15.157290315628051,0.12818070582306668,2.1119351387023926,0.29732121015287094,25,20,30,"{'knn__n_neighbors': 25, 'umap__n_components': 20, 'umap__n_neighbors': 30}",0.44568690095846647,0.424,0.4368,0.4096,0.4,0.4624,0.3968,0.4416,0.4096,0.408,0.42344869009584674,0.02098094908977703,273
17.48271777629852,0.2947802166025748,2.2827494859695436,0.20529968330815473,25,20,40,"{'knn__n_neighbors': 25, 'umap__n_components': 20, 'umap__n_neighbors': 40}",0.4440894568690096,0.424,0.4272,0.4144,0.3936,0.4496,0.3952,0.4416,0.4048,0.4256,0.422008945686901,0.018858057441090516,287
19.25132484436035,0.2052819895219113,2.4462641954421995,0.19253417740871615,25,20,50,"{'knn__n_neighbors': 25, 'umap__n_components': 20, 'umap__n_neighbors': 50}",0.4424920127795527,0.4352,0.4432,0.4176,0.3952,0.4512,0.4016,0.4544,0.3952,0.4256,0.42616920127795527,0.021580408232460088,249
13.943235993385315,0.2820091537622218,1.756289505958557,0.26964382450066743,25,30,10,"{'knn__n_neighbors': 25, 'umap__n_components': 30, 'umap__n_neighbors': 10}",0.43130990415335463,0.424,0.4336,0.4336,0.4352,0.4752,0.4112,0.432,0.4304,0.4416,0.4348109904153355,0.01547391211402753,119
18.163326954841615,0.9630383886655256,2.588901734352112,0.576715639148912,25,30,20,"{'knn__n_neighbors': 25, 'umap__n_components': 30, 'umap__n_neighbors': 20}",0.4217252396166134,0.4144,0.424,0.4192,0.3872,0.4432,0.3952,0.4256,0.408,0.408,0.4146525239616613,0.015210198722990674,315
22.91964077949524,0.6520510429051329,2.6163957118988037,0.2645813310905086,25,30,30,"{'knn__n_neighbors': 25, 'umap__n_components': 30, 'umap__n_neighbors': 30}",0.43610223642172524,0.4176,0.424,0.408,0.3984,0.44,0.3888,0.4304,0.4208,0.408,0.41721022364217253,0.015620542553042795,307
23.563398027420043,0.7115808599176606,2.630966305732727,0.2864858355532278,25,30,40,"{'knn__n_neighbors': 25, 'umap__n_components': 30, 'umap__n_neighbors': 40}",0.43769968051118213,0.408,0.4368,0.4032,0.384,0.4352,0.3888,0.4272,0.4128,0.416,0.41496996805111824,0.018408982796803867,312
27.261222457885744,0.7796704264830897,3.4342946767807008,0.5785940504373865,25,30,50,"{'knn__n_neighbors': 25, 'umap__n_components': 30, 'umap__n_neighbors': 50}",0.43130990415335463,0.4096,0.4528,0.3872,0.3952,0.4432,0.3872,0.4368,0.4208,0.3984,0.4162509904153354,0.022859928266070747,311
14.008823728561401,0.7604745684930895,2.276621627807617,0.2987371673992196,30,2,10,"{'knn__n_neighbors': 30, 'umap__n_components': 2, 'umap__n_neighbors': 10}",0.41214057507987223,0.4384,0.4304,0.4128,0.4144,0.4592,0.4112,0.4192,0.4128,0.4416,0.42521405750798724,0.015661885592447498,262
11.596495771408081,0.3306639989958553,2.3148029804229737,0.30165098772580884,30,2,20,"{'knn__n_neighbors': 30, 'umap__n_components': 2, 'umap__n_neighbors': 20}",0.41054313099041534,0.4128,0.4496,0.4112,0.4224,0.4576,0.4416,0.4352,0.4096,0.416,0.4266543130990416,0.017009860502848587,242
11.569727516174316,0.2722487796277216,2.231865906715393,0.17224853272839522,30,2,30,"{'knn__n_neighbors': 30, 'umap__n_components': 2, 'umap__n_neighbors': 30}",0.43769968051118213,0.4224,0.4304,0.4576,0.4304,0.4368,0.416,0.4384,0.4144,0.4112,0.42952996805111815,0.013366060674875687,215
12.96333417892456,0.46139322680605865,2.5967344284057616,0.1940385414687752,30,2,40,"{'knn__n_neighbors': 30, 'umap__n_components': 2, 'umap__n_neighbors': 40}",0.44568690095846647,0.4224,0.4416,0.4272,0.4384,0.4256,0.424,0.4496,0.4128,0.4336,0.43208869009584666,0.011052115627859932,179
14.990651869773865,0.42078805279853004,2.7135454416275024,0.37852574703530134,30,2,50,"{'knn__n_neighbors': 30, 'umap__n_components': 2, 'umap__n_neighbors': 50}",0.4584664536741214,0.44,0.4448,0.4176,0.4256,0.4528,0.424,0.448,0.424,0.4416,0.4376866453674121,0.013274237510069325,88
12.094813418388366,0.9908158774459948,2.4025158166885374,0.29734529217995137,30,3,10,"{'knn__n_neighbors': 30, 'umap__n_components': 3, 'umap__n_neighbors': 10}",0.44568690095846647,0.4544,0.4384,0.4336,0.4016,0.4576,0.4336,0.4464,0.4224,0.4144,0.43480869009584666,0.016867376373644483,125
11.477199411392212,0.3786279470000905,2.3177781820297243,0.34603708030935626,30,3,20,"{'knn__n_neighbors': 30, 'umap__n_components': 3, 'umap__n_neighbors': 20}",0.42971246006389774,0.4464,0.4448,0.4272,0.4112,0.48,0.44,0.464,0.44,0.4288,0.4412112460063898,0.01857385880493589,57
12.933586239814758,0.3161794181794227,2.866833472251892,0.4991742425740931,30,3,30,"{'knn__n_neighbors': 30, 'umap__n_components': 3, 'umap__n_neighbors': 30}",0.44089456869009586,0.4464,0.4496,0.4256,0.4224,0.44,0.44,0.4256,0.4208,0.4256,0.4336894568690096,0.01017924705987824,153
14.771444606781007,0.6922138640279778,2.6735748052597046,0.44338054352240186,30,3,40,"{'knn__n_neighbors': 30, 'umap__n_components': 3, 'umap__n_neighbors': 40}",0.46166134185303515,0.448,0.4288,0.4416,0.416,0.4816,0.4352,0.4448,0.4256,0.4192,0.44024613418530356,0.01911347145471565,62
14.830503582954407,0.4136075039949567,2.500031900405884,0.32911418922292185,30,3,50,"{'knn__n_neighbors': 30, 'umap__n_components': 3, 'umap__n_neighbors': 50}",0.46166134185303515,0.4624,0.4576,0.4208,0.4112,0.472,0.4416,0.4608,0.4416,0.4448,0.44744613418530355,0.01846392316875965,20
10.53881208896637,0.4889659921379383,2.5674261093139648,0.490349208163055,30,5,10,"{'knn__n_neighbors': 30, 'umap__n_components': 5, 'umap__n_neighbors': 10}",0.4488817891373802,0.4448,0.432,0.4304,0.416,0.4688,0.4288,0.4352,0.4032,0.44,0.4348081789137381,0.01701968306509654,126
11.03804988861084,0.5543992620862122,2.0223328113555907,0.16275156401041777,30,5,20,"{'knn__n_neighbors': 30, 'umap__n_components': 5, 'umap__n_neighbors': 20}",0.4329073482428115,0.456,0.4416,0.4416,0.4144,0.4752,0.44,0.448,0.4416,0.4336,0.44249073482428114,0.015004359730757866,43
11.518185186386109,0.266684140581355,2.0810439586639404,0.15852588772339235,30,5,30,"{'knn__n_neighbors': 30, 'umap__n_components': 5, 'umap__n_neighbors': 30}",0.4520766773162939,0.4528,0.4544,0.4352,0.4144,0.4752,0.4112,0.4608,0.4368,0.44,0.4432876677316294,0.018970288727022364,40
13.04315106868744,0.28026416609722943,2.232670712471008,0.2641946867168502,30,5,40,"{'knn__n_neighbors': 30, 'umap__n_components': 5, 'umap__n_neighbors': 40}",0.46645367412140576,0.4624,0.472,0.456,0.4096,0.4864,0.4352,0.4624,0.4256,0.4336,0.4509653674121406,0.022648187675152257,5
14.758811521530152,0.16882570710462697,2.527274227142334,0.27311019102975287,30,5,50,"{'knn__n_neighbors': 30, 'umap__n_components': 5, 'umap__n_neighbors': 50}",0.46645367412140576,0.464,0.4576,0.4496,0.4208,0.472,0.424,0.4592,0.4432,0.4288,0.4485653674121406,0.01759835698430946,15
9.657741379737853,0.42172687382095836,1.862267017364502,0.2614572036662133,30,10,10,"{'knn__n_neighbors': 30, 'umap__n_components': 10, 'umap__n_neighbors': 10}",0.4472843450479233,0.44,0.4208,0.4448,0.4384,0.4576,0.4144,0.4304,0.4144,0.4144,0.4322484345047924,0.014880974452341031,176
11.333890366554261,0.20033972150692195,2.0055016040802003,0.20387037296738864,30,10,20,"{'knn__n_neighbors': 30, 'umap__n_components': 10, 'umap__n_neighbors': 20}",0.4233226837060703,0.4336,0.4608,0.4352,0.4096,0.4624,0.4208,0.4512,0.416,0.4272,0.434012268370607,0.01753876728311155,141
13.656998133659362,0.24925129004863333,2.5339147090911864,0.35932141409496393,30,10,30,"{'knn__n_neighbors': 30, 'umap__n_components': 10, 'umap__n_neighbors': 30}",0.4233226837060703,0.4304,0.4512,0.4304,0.424,0.4704,0.4352,0.4528,0.4352,0.432,0.43849226837060706,0.014209997649912024,80
15.386907744407655,0.6345055762049661,2.6765424728393556,0.3502256013212308,30,10,40,"{'knn__n_neighbors': 30, 'umap__n_components': 10, 'umap__n_neighbors': 40}",0.4488817891373802,0.4368,0.4544,0.4368,0.416,0.4688,0.4272,0.4624,0.4256,0.4416,0.441848178913738,0.015979763844653733,52
17.96885178089142,0.4645760287459773,2.7726391315460206,0.5569255317464663,30,10,50,"{'knn__n_neighbors': 30, 'umap__n_components': 10, 'umap__n_neighbors': 50}",0.4504792332268371,0.4512,0.4448,0.432,0.4176,0.4608,0.4256,0.4752,0.4208,0.4432,0.44216792332268373,0.01742118082591443,48
12.35681073665619,0.3574300645996205,2.3679378032684326,0.40844218811423944,30,15,10,"{'knn__n_neighbors': 30, 'umap__n_components': 15, 'umap__n_neighbors': 10}",0.43769968051118213,0.44,0.4208,0.432,0.4352,0.4608,0.4112,0.4416,0.4112,0.4256,0.4316099680511182,0.014347421749980247,188
14.431374216079712,0.6466911608682461,2.3145771265029906,0.32078306578539867,30,15,20,"{'knn__n_neighbors': 30, 'umap__n_components': 15, 'umap__n_neighbors': 20}",0.43769968051118213,0.4224,0.4464,0.408,0.4048,0.4736,0.4144,0.4352,0.4224,0.408,0.42728996805111824,0.02035859117997776,234
15.502576446533203,0.28873377066413725,2.2727018117904665,0.23105624802241945,30,15,30,"{'knn__n_neighbors': 30, 'umap__n_components': 15, 'umap__n_neighbors': 30}",0.4329073482428115,0.4304,0.4432,0.4064,0.4176,0.4736,0.4096,0.456,0.4304,0.4192,0.4319307348242812,0.019915359158669623,183
17.08943943977356,0.24431280416917092,2.511409592628479,0.4637681122703362,30,15,40,"{'knn__n_neighbors': 30, 'umap__n_components': 15, 'umap__n_neighbors': 40}",0.43610223642172524,0.4384,0.4496,0.4288,0.4128,0.464,0.416,0.4592,0.416,0.44,0.43609022364217254,0.01708499063280358,108
18.39005036354065,0.20709187027926243,2.517145299911499,0.2681216473235411,30,15,50,"{'knn__n_neighbors': 30, 'umap__n_components': 15, 'umap__n_neighbors': 50}",0.4488817891373802,0.4448,0.448,0.4304,0.4,0.4592,0.4208,0.4608,0.4112,0.4432,0.43672817891373805,0.01939236459557162,98
10.735428738594056,0.2778449372079267,1.9251916646957397,0.3447835977925228,30,20,10,"{'knn__n_neighbors': 30, 'umap__n_components': 20, 'umap__n_neighbors': 10}",0.4281150159744409,0.44,0.4128,0.448,0.4384,0.4704,0.4096,0.456,0.4224,0.4176,0.4343315015974441,0.01882066445131522,128
14.625870394706727,0.3848961025828364,2.4039422035217286,0.4113254298593085,30,20,20,"{'knn__n_neighbors': 30, 'umap__n_components': 20, 'umap__n_neighbors': 20}",0.4233226837060703,0.4208,0.4464,0.4176,0.4144,0.4688,0.4,0.4352,0.4224,0.4048,0.42537226837060704,0.019252084439229787,258
16.084289503097533,0.3409760007382412,2.4391582012176514,0.33644623817667135,30,20,30,"{'knn__n_neighbors': 30, 'umap__n_components': 20, 'umap__n_neighbors': 30}",0.44089456869009586,0.432,0.44,0.3984,0.4016,0.4592,0.4,0.44,0.4032,0.416,0.4231294568690096,0.020790978807634863,277
18.294925451278687,0.5188929243803864,2.69474778175354,0.305904508966738,30,20,40,"{'knn__n_neighbors': 30, 'umap__n_components': 20, 'umap__n_neighbors': 40}",0.44568690095846647,0.4288,0.4352,0.408,0.4096,0.4528,0.4048,0.4432,0.4032,0.4336,0.42648869009584667,0.01764014140887391,247
19.52011671066284,0.3696142967521402,2.4392057180404665,0.28211216024056296,30,20,50,"{'knn__n_neighbors': 30, 'umap__n_components': 20, 'umap__n_neighbors': 50}",0.4488817891373802,0.44,0.4352,0.4128,0.4032,0.448,0.4064,0.4576,0.3888,0.4336,0.427448178913738,0.021876114948650226,232
14.427969050407409,0.23064124186133056,2.2229565382003784,0.2619268291195659,30,30,10,"{'knn__n_neighbors': 30, 'umap__n_components': 30, 'umap__n_neighbors': 10}",0.4329073482428115,0.4416,0.4272,0.44,0.448,0.4528,0.408,0.4352,0.4272,0.4352,0.4348107348242811,0.011870892882632987,122
18.06749575138092,0.19287081838554138,2.3480664014816286,0.21593959568533158,30,30,20,"{'knn__n_neighbors': 30, 'umap__n_components': 30, 'umap__n_neighbors': 20}",0.4233226837060703,0.4064,0.4272,0.416,0.4,0.448,0.4,0.4128,0.4048,0.4096,0.41481226837060703,0.014034794734603505,314
20.035335898399353,0.17048877057853545,2.2571279764175416,0.1721605983708763,30,30,30,"{'knn__n_neighbors': 30, 'umap__n_components': 30, 'umap__n_neighbors': 30}",0.44568690095846647,0.4192,0.4368,0.4144,0.4064,0.4464,0.3936,0.4352,0.4112,0.408,0.42168869009584664,0.017253695657603218,289
21.726989912986756,0.2534575422824153,2.3858587741851807,0.21444841581507398,30,30,40,"{'knn__n_neighbors': 30, 'umap__n_components': 30, 'umap__n_neighbors': 40}",0.43769968051118213,0.4112,0.4368,0.3936,0.3824,0.4336,0.4016,0.4352,0.4288,0.4176,0.4178499680511182,0.018908231848551556,305
23.74982635974884,0.45538736520901246,2.7823818922042847,0.3737884398932297,30,30,50,"{'knn__n_neighbors': 30, 'umap__n_components': 30, 'umap__n_neighbors': 50}",0.43610223642172524,0.4224,0.4496,0.3952,0.3936,0.4464,0.4016,0.4512,0.4272,0.4048,0.4228102236421726,0.021601084344520488,279
12.20299973487854,0.7856975178789412,1.9270061016082765,0.288592846211948,35,2,10,"{'knn__n_neighbors': 35, 'umap__n_components': 2, 'umap__n_neighbors': 10}",0.41214057507987223,0.4544,0.4368,0.4032,0.4096,0.4608,0.4176,0.4272,0.416,0.448,0.4285740575079872,0.019248028310900847,222
10.625059485435486,0.16120007476710485,2.0529152393341064,0.21415382643757475,35,2,20,"{'knn__n_neighbors': 35, 'umap__n_components': 2, 'umap__n_neighbors': 20}",0.41533546325878595,0.408,0.4432,0.4272,0.4288,0.4656,0.4288,0.4336,0.4128,0.4144,0.4277735463258786,0.01629097197285764,227
11.62750940322876,0.18692656286886342,2.2426636457443236,0.33651927544137156,35,2,30,"{'knn__n_neighbors': 35, 'umap__n_components': 2, 'umap__n_neighbors': 30}",0.4329073482428115,0.4304,0.4304,0.4528,0.4224,0.4416,0.424,0.4368,0.4128,0.4144,0.42985073482428116,0.011585119217678146,212
12.705668234825135,0.3077421587217903,2.384190797805786,0.3497826552686542,35,2,40,"{'knn__n_neighbors': 35, 'umap__n_components': 2, 'umap__n_neighbors': 40}",0.43929712460063897,0.4336,0.4416,0.424,0.4352,0.4224,0.424,0.456,0.4144,0.4368,0.43272971246006386,0.011321851547752807,170
14.060715460777283,0.2554862127129655,2.445398712158203,0.24670847721122932,35,2,50,"{'knn__n_neighbors': 35, 'umap__n_components': 2, 'umap__n_neighbors': 50}",0.45686900958466453,0.4416,0.44,0.4176,0.4288,0.4544,0.4224,0.4512,0.416,0.4352,0.43640690095846646,0.014236642431222368,106
10.378907060623169,0.7626463829060154,1.9880945205688476,0.21870479663633766,35,3,10,"{'knn__n_neighbors': 35, 'umap__n_components': 3, 'umap__n_neighbors': 10}",0.4440894568690096,0.448,0.448,0.4352,0.4176,0.4576,0.4416,0.4432,0.4256,0.4208,0.438168945686901,0.012387719961753668,83
10.533584427833556,0.2839002289423389,2.184949278831482,0.3849187144240408,35,3,20,"{'knn__n_neighbors': 35, 'umap__n_components': 3, 'umap__n_neighbors': 20}",0.43769968051118213,0.4432,0.4368,0.4336,0.4192,0.4768,0.4464,0.4592,0.448,0.4304,0.44312996805111826,0.01523615591197605,42
11.716796922683717,0.14935474747300675,2.27167227268219,0.36165595838188974,35,3,30,"{'knn__n_neighbors': 35, 'umap__n_components': 3, 'umap__n_neighbors': 30}",0.4488817891373802,0.4448,0.456,0.4384,0.4352,0.4464,0.4432,0.4256,0.4224,0.4336,0.439448178913738,0.009948673847143914,69
12.732525444030761,0.39060570837099,2.502361869812012,0.25476409965642466,35,3,40,"{'knn__n_neighbors': 35, 'umap__n_components': 3, 'umap__n_neighbors': 40}",0.46645367412140576,0.448,0.432,0.4416,0.4288,0.4736,0.4352,0.4432,0.4208,0.4272,0.44168536741214054,0.016192937477130204,53
13.811713910102844,0.4027432954189436,2.442012882232666,0.4233561933653359,35,3,50,"{'knn__n_neighbors': 35, 'umap__n_components': 3, 'umap__n_neighbors': 50}",0.46166134185303515,0.4592,0.4624,0.4272,0.4144,0.4736,0.4416,0.464,0.4432,0.4464,0.4493661341853035,0.017436424619465256,12
9.204248642921447,0.361916431855196,1.8643091917037964,0.2236639274350287,35,5,10,"{'knn__n_neighbors': 35, 'umap__n_components': 5, 'umap__n_neighbors': 10}",0.4440894568690096,0.4416,0.432,0.4448,0.432,0.4592,0.424,0.456,0.4,0.4416,0.437528945686901,0.016101125933612948,89
10.01415936946869,0.35705453806220094,1.9403926372528075,0.261528452222031,35,5,20,"{'knn__n_neighbors': 35, 'umap__n_components': 5, 'umap__n_neighbors': 20}",0.43929712460063897,0.4528,0.44,0.4432,0.4064,0.4704,0.4304,0.4512,0.4448,0.4368,0.4415297124600639,0.015668994325489682,54
11.980819821357727,0.20932597196102443,2.2549254417419435,0.29973848373398676,35,5,30,"{'knn__n_neighbors': 35, 'umap__n_components': 5, 'umap__n_neighbors': 30}",0.45686900958466453,0.4528,0.4624,0.4352,0.432,0.4768,0.4128,0.4576,0.44,0.4368,0.4463269009584665,0.017467073959267092,24
13.500768232345582,0.5244752543090059,2.4178603172302244,0.27883495736613995,35,5,40,"{'knn__n_neighbors': 35, 'umap__n_components': 5, 'umap__n_neighbors': 40}",0.476038338658147,0.4592,0.4736,0.4528,0.408,0.4848,0.432,0.4624,0.4272,0.4352,0.4511238338658147,0.023465900908545646,4
15.839186215400696,0.12340297943683998,2.6795164346694946,0.339095944104962,35,5,50,"{'knn__n_neighbors': 35, 'umap__n_components': 5, 'umap__n_neighbors': 50}",0.4744408945686901,0.472,0.464,0.4448,0.4208,0.4816,0.4208,0.4576,0.4496,0.424,0.45096408945686906,0.021755143397618328,7
9.614970374107362,0.3575053689269425,1.9848430156707764,0.24829662869433608,35,10,10,"{'knn__n_neighbors': 35, 'umap__n_components': 10, 'umap__n_neighbors': 10}",0.44568690095846647,0.44,0.4048,0.448,0.44,0.4816,0.4192,0.44,0.4128,0.424,0.43560869009584663,0.020740262331437012,113
12.177137517929078,0.7242912239231314,2.52075674533844,0.5918005391052726,35,10,20,"{'knn__n_neighbors': 35, 'umap__n_components': 10, 'umap__n_neighbors': 20}",0.41054313099041534,0.4336,0.4448,0.4288,0.4064,0.4656,0.424,0.4544,0.4304,0.4192,0.4317743130990415,0.01775671107475096,185
14.086878991127014,0.45838188619979675,2.2942604064941405,0.3085190275793159,35,10,30,"{'knn__n_neighbors': 35, 'umap__n_components': 10, 'umap__n_neighbors': 30}",0.43130990415335463,0.424,0.448,0.4224,0.4256,0.4688,0.432,0.4528,0.4384,0.4272,0.4370509904153355,0.014315555142988516,93
15.30973379611969,0.27244493436165973,2.5777619600296022,0.3334542860311671,35,10,40,"{'knn__n_neighbors': 35, 'umap__n_components': 10, 'umap__n_neighbors': 40}",0.45527156549520764,0.4352,0.4528,0.432,0.4128,0.472,0.4288,0.464,0.4256,0.4416,0.44200715654952083,0.0176607302751941,51
17.250999426841737,0.29073324869162875,2.584547424316406,0.26255161873662847,35,10,50,"{'knn__n_neighbors': 35, 'umap__n_components': 10, 'umap__n_neighbors': 50}",0.45527156549520764,0.4576,0.4544,0.4288,0.4144,0.4608,0.4208,0.4704,0.4384,0.44,0.44408715654952075,0.01758434595335155,37
11.250193333625793,0.22970773939992037,2.081106662750244,0.15362719815770662,35,15,10,"{'knn__n_neighbors': 35, 'umap__n_components': 15, 'umap__n_neighbors': 10}",0.43929712460063897,0.4304,0.4256,0.4432,0.4368,0.48,0.4064,0.4352,0.4048,0.4336,0.4335297124600639,0.01983393008289709,155
14.129149270057678,0.6099974872728879,2.502846050262451,0.41286442520962885,35,15,20,"{'knn__n_neighbors': 35, 'umap__n_components': 15, 'umap__n_neighbors': 20}",0.43130990415335463,0.4192,0.4384,0.4096,0.4176,0.4672,0.4112,0.4304,0.4416,0.4048,0.4271309904153354,0.017842543789835585,235
16.48733253479004,0.4045160343228434,2.676814866065979,0.520919411268681,35,15,30,"{'knn__n_neighbors': 35, 'umap__n_components': 15, 'umap__n_neighbors': 30}",0.43450479233226835,0.4352,0.4416,0.4144,0.4144,0.4704,0.4064,0.4544,0.4272,0.4096,0.43081047923322685,0.019673648334973218,201
20.389211082458495,0.4851789534768921,2.8999760866165163,0.3346226587055992,35,15,40,"{'knn__n_neighbors': 35, 'umap__n_components': 15, 'umap__n_neighbors': 40}",0.44089456869009586,0.4288,0.4464,0.4304,0.4144,0.4688,0.4176,0.456,0.4112,0.4336,0.4348094568690096,0.01761505853863274,123
21.90082428455353,0.25963706650827695,2.9833348274230955,0.47898098230912217,35,15,50,"{'knn__n_neighbors': 35, 'umap__n_components': 15, 'umap__n_neighbors': 50}",0.4520766773162939,0.4416,0.44,0.4112,0.4048,0.464,0.4224,0.456,0.416,0.4384,0.4346476677316294,0.019106887574619466,127
13.31510670185089,0.2819550182651224,2.789237713813782,0.32522770027365144,35,20,10,"{'knn__n_neighbors': 35, 'umap__n_components': 20, 'umap__n_neighbors': 10}",0.4329073482428115,0.4368,0.4176,0.4464,0.4448,0.4688,0.4192,0.4608,0.4048,0.416,0.43481073482428123,0.0196641322674291,121
17.972332501411437,0.7092075290845132,3.1551742553710938,0.6141289828331034,35,20,20,"{'knn__n_neighbors': 35, 'umap__n_components': 20, 'umap__n_neighbors': 20}",0.43130990415335463,0.4224,0.4448,0.4176,0.4208,0.4736,0.392,0.4304,0.4368,0.4,0.4269709904153355,0.021717566296091,238
19.501922059059144,0.5087175323510633,3.085601234436035,0.41670945901297307,35,20,30,"{'knn__n_neighbors': 35, 'umap__n_components': 20, 'umap__n_neighbors': 30}",0.4329073482428115,0.4352,0.4368,0.3888,0.3984,0.4656,0.408,0.4432,0.3968,0.4176,0.4223307348242811,0.0231757554147649,284
21.044917631149293,0.3440531007750594,3.035027194023132,0.4491253536980159,35,20,40,"{'knn__n_neighbors': 35, 'umap__n_components': 20, 'umap__n_neighbors': 40}",0.4440894568690096,0.4288,0.4352,0.4064,0.408,0.4512,0.416,0.4528,0.3968,0.4288,0.4268089456869009,0.018533981004015848,241
23.220854663848876,0.37820156424409646,3.097122049331665,0.4592472320570208,35,20,50,"{'knn__n_neighbors': 35, 'umap__n_components': 20, 'umap__n_neighbors': 50}",0.4536741214057508,0.44,0.4304,0.4096,0.4048,0.4512,0.4064,0.4512,0.3952,0.4288,0.42712741214057515,0.02073071733981503,237
17.29832284450531,0.34300297655593187,2.615502643585205,0.3898738098799785,35,30,10,"{'knn__n_neighbors': 35, 'umap__n_components': 30, 'umap__n_neighbors': 10}",0.4281150159744409,0.4528,0.432,0.4496,0.4432,0.4544,0.4192,0.4368,0.4176,0.4304,0.43641150159744413,0.01259714109405912,101
22.694831824302675,0.5978995405931663,3.488430547714233,0.45729127503738565,35,30,20,"{'knn__n_neighbors': 35, 'umap__n_components': 30, 'umap__n_neighbors': 20}",0.43610223642172524,0.4208,0.4416,0.424,0.4112,0.4736,0.4112,0.4272,0.416,0.4144,0.42761022364217255,0.018139368729209737,230
24.600936627388002,0.4185004358895385,2.916803216934204,0.41053726777714367,35,30,30,"{'knn__n_neighbors': 35, 'umap__n_components': 30, 'umap__n_neighbors': 30}",0.4424920127795527,0.408,0.4272,0.424,0.408,0.4496,0.408,0.4368,0.4208,0.4032,0.4228092012779552,0.015388614364766273,280
28.326726460456847,0.5612790373307367,3.003584384918213,0.25798315296086055,35,30,40,"{'knn__n_neighbors': 35, 'umap__n_components': 30, 'umap__n_neighbors': 40}",0.44089456869009586,0.416,0.4384,0.4064,0.3872,0.4384,0.4112,0.4432,0.4224,0.4096,0.4213694568690096,0.017610647005673472,291
30.383025193214415,0.7383943130114626,3.560369372367859,0.529862758660169,35,30,50,"{'knn__n_neighbors': 35, 'umap__n_components': 30, 'umap__n_neighbors': 50}",0.4281150159744409,0.432,0.4464,0.4032,0.3968,0.4432,0.4096,0.4512,0.4224,0.4032,0.4236115015974441,0.01872085480522195,269
14.893417382240296,1.2429597116469289,2.5398192167282105,0.48679823458781757,40,2,10,"{'knn__n_neighbors': 40, 'umap__n_components': 2, 'umap__n_neighbors': 10}",0.3977635782747604,0.4496,0.4304,0.4032,0.4032,0.456,0.416,0.4288,0.4128,0.4304,0.422816357827476,0.018744011675782893,278
12.60625081062317,0.5880703380612438,2.6492989540100096,0.6225133408554763,40,2,20,"{'knn__n_neighbors': 40, 'umap__n_components': 2, 'umap__n_neighbors': 20}",0.42012779552715657,0.4112,0.4352,0.4304,0.4224,0.4624,0.424,0.4272,0.4176,0.4096,0.42601277955271566,0.014284261101650318,251
13.66024329662323,0.6248214564031523,2.6024795055389403,0.21967861096969446,40,2,30,"{'knn__n_neighbors': 40, 'umap__n_components': 2, 'umap__n_neighbors': 30}",0.4329073482428115,0.44,0.4256,0.464,0.4272,0.44,0.4192,0.4336,0.4048,0.4208,0.4308107348242811,0.014947774965699606,200
14.817337083816529,0.740095446107674,2.9674214363098144,0.38872468846813074,40,2,40,"{'knn__n_neighbors': 40, 'umap__n_components': 2, 'umap__n_neighbors': 40}",0.44089456869009586,0.4336,0.4384,0.4256,0.4432,0.44,0.4224,0.4576,0.4128,0.4336,0.43480945686900957,0.011801791699545382,124
17.02049493789673,0.3823659076669245,3.101553726196289,0.6003401880507511,40,2,50,"{'knn__n_neighbors': 40, 'umap__n_components': 2, 'umap__n_neighbors': 50}",0.4536741214057508,0.4368,0.4384,0.4144,0.4224,0.4576,0.4272,0.4576,0.4144,0.44,0.4362474121405751,0.015693318450194595,107
12.893212080001831,1.2577490649309067,2.4211610317230225,0.3217047100873491,40,3,10,"{'knn__n_neighbors': 40, 'umap__n_components': 3, 'umap__n_neighbors': 10}",0.4424920127795527,0.4432,0.44,0.4304,0.4256,0.456,0.4448,0.4576,0.4288,0.424,0.43928920127795523,0.011318824053146381,70
11.07043960094452,0.4180323373735265,2.3808514356613157,0.44832973935306764,40,3,20,"{'knn__n_neighbors': 40, 'umap__n_components': 3, 'umap__n_neighbors': 20}",0.43929712460063897,0.4432,0.432,0.4288,0.4192,0.4768,0.4416,0.4656,0.4432,0.4352,0.44248971246006386,0.01617487975995201,45
14.827169156074524,1.7533318959402804,3.123939275741577,0.3495673030657283,40,3,30,"{'knn__n_neighbors': 40, 'umap__n_components': 3, 'umap__n_neighbors': 30}",0.4536741214057508,0.4496,0.456,0.4368,0.44,0.4448,0.4368,0.424,0.4368,0.4288,0.44072741214057504,0.009823697430176949,59
15.466465401649476,1.228940354995065,2.665703463554382,0.387581289739611,40,3,40,"{'knn__n_neighbors': 40, 'umap__n_components': 3, 'umap__n_neighbors': 40}",0.4712460063897764,0.4448,0.4336,0.4432,0.4416,0.472,0.4352,0.4512,0.4192,0.424,0.44360460063897766,0.016686226228973297,39
14.890863680839539,0.33780498602748915,2.8558465480804442,0.4160514277252017,40,3,50,"{'knn__n_neighbors': 40, 'umap__n_components': 3, 'umap__n_neighbors': 50}",0.46645367412140576,0.4704,0.4656,0.4304,0.424,0.4736,0.44,0.4704,0.4448,0.44,0.4525653674121406,0.01767696889316913,2
10.572150397300721,0.36283153998441525,2.3045002460479735,0.3973605852103935,40,5,10,"{'knn__n_neighbors': 40, 'umap__n_components': 5, 'umap__n_neighbors': 10}",0.4536741214057508,0.432,0.4288,0.4416,0.424,0.4544,0.4352,0.4624,0.4144,0.4416,0.43880741214057506,0.014180405276982515,78
12.797930312156677,0.47777428725528526,2.586613345146179,0.44802501373556153,40,5,20,"{'knn__n_neighbors': 40, 'umap__n_components': 5, 'umap__n_neighbors': 20}",0.4488817891373802,0.4512,0.4448,0.4416,0.424,0.4656,0.4272,0.448,0.4544,0.4384,0.4444081789137379,0.011767437125073752,36
12.717623090744018,0.4592340704477844,2.363370418548584,0.35480358133563006,40,5,30,"{'knn__n_neighbors': 40, 'umap__n_components': 5, 'umap__n_neighbors': 30}",0.45686900958466453,0.4512,0.4592,0.4336,0.4336,0.4768,0.416,0.4624,0.4496,0.44,0.4479269009584665,0.016602306756334017,19
14.389784002304078,0.25628068616205896,2.4916831254959106,0.2372339471967923,40,5,40,"{'knn__n_neighbors': 40, 'umap__n_components': 5, 'umap__n_neighbors': 40}",0.4728434504792332,0.4688,0.4704,0.4496,0.4176,0.4816,0.4352,0.456,0.4288,0.4368,0.4517643450479233,0.02046336750223643,3
16.657572531700133,0.7231832380054188,3.018416953086853,0.6383758788451372,40,5,50,"{'knn__n_neighbors': 40, 'umap__n_components': 5, 'umap__n_neighbors': 50}",0.4744408945686901,0.4816,0.4624,0.4416,0.4224,0.4784,0.4288,0.4544,0.4384,0.4224,0.4504840894568689,0.02179755468233835,10
10.940827941894531,0.7970581330981514,2.41277756690979,0.44057329978654186,40,10,10,"{'knn__n_neighbors': 40, 'umap__n_components': 10, 'umap__n_neighbors': 10}",0.4488817891373802,0.4432,0.4208,0.4592,0.4368,0.4832,0.4256,0.432,0.4224,0.4176,0.43896817891373807,0.01942966708603196,76
12.334507465362549,0.3567362207322072,2.287047791481018,0.3101579583566085,40,10,20,"{'knn__n_neighbors': 40, 'umap__n_components': 10, 'umap__n_neighbors': 20}",0.4169329073482428,0.4448,0.4496,0.448,0.4176,0.4672,0.4304,0.4432,0.4272,0.4272,0.43721329073482423,0.015183258142172869,92
14.904935073852538,0.25546224644097054,2.537417459487915,0.3827899833762898,40,10,30,"{'knn__n_neighbors': 40, 'umap__n_components': 10, 'umap__n_neighbors': 30}",0.42971246006389774,0.432,0.448,0.4272,0.4208,0.4672,0.44,0.4672,0.4384,0.4208,0.4391312460063898,0.016154399224120843,72
16.656700921058654,0.326253934016782,2.908566880226135,0.480889044494339,40,10,40,"{'knn__n_neighbors': 40, 'umap__n_components': 10, 'umap__n_neighbors': 40}",0.4520766773162939,0.4288,0.4592,0.4288,0.4176,0.4688,0.432,0.4624,0.4224,0.4256,0.43976766773162945,0.017829487800193878,65
17.47611811161041,0.2345943887451683,2.49721999168396,0.3118940394284966,40,10,50,"{'knn__n_neighbors': 40, 'umap__n_components': 10, 'umap__n_neighbors': 50}",0.45527156549520764,0.4512,0.4464,0.432,0.4208,0.4656,0.4304,0.472,0.4384,0.4352,0.4447271565495208,0.015511030340495259,35
11.139417958259582,0.1759231627350654,2.3075530767440795,0.36713114694810894,40,15,10,"{'knn__n_neighbors': 40, 'umap__n_components': 15, 'umap__n_neighbors': 10}",0.4424920127795527,0.4368,0.4288,0.448,0.4352,0.48,0.4272,0.4512,0.4,0.4208,0.4370492012779553,0.01999944498408204,95
13.645985221862793,0.45988424639641146,2.3522074699401854,0.34126484035422605,40,15,20,"{'knn__n_neighbors': 40, 'umap__n_components': 15, 'umap__n_neighbors': 20}",0.42012779552715657,0.4304,0.4368,0.4256,0.4112,0.4816,0.4336,0.4288,0.4304,0.4192,0.43177277955271565,0.018107989804857852,186
15.915114808082581,0.20596028299006994,2.576625418663025,0.25171885868609606,40,15,30,"{'knn__n_neighbors': 40, 'umap__n_components': 15, 'umap__n_neighbors': 30}",0.43130990415335463,0.44,0.4368,0.4192,0.416,0.4688,0.416,0.4512,0.4176,0.4144,0.4311309904153354,0.017308392345030687,193
17.90644552707672,0.3156658509051117,2.3707854747772217,0.19578150165585123,40,15,40,"{'knn__n_neighbors': 40, 'umap__n_components': 15, 'umap__n_neighbors': 40}",0.43130990415335463,0.4272,0.44,0.4384,0.4032,0.464,0.432,0.448,0.4128,0.4272,0.4324109904153355,0.01621082077213422,172
18.248866891860963,0.3625947854283023,2.6012718439102174,0.36697739111908123,40,15,50,"{'knn__n_neighbors': 40, 'umap__n_components': 15, 'umap__n_neighbors': 50}",0.4504792332268371,0.4416,0.4416,0.4192,0.4096,0.4656,0.4304,0.4432,0.4096,0.432,0.4343279233226838,0.017017431623746544,132
11.09440906047821,0.24376285828778027,1.9590043544769287,0.31371618552832176,40,20,10,"{'knn__n_neighbors': 40, 'umap__n_components': 20, 'umap__n_neighbors': 10}",0.43929712460063897,0.4384,0.4208,0.456,0.4496,0.4688,0.4096,0.44,0.4032,0.4176,0.4343297124600639,0.020019821242886957,130
14.82688775062561,0.8744653241370212,2.5083219528198244,0.5028142859305169,40,20,20,"{'knn__n_neighbors': 40, 'umap__n_components': 20, 'umap__n_neighbors': 20}",0.4281150159744409,0.4288,0.4432,0.4272,0.4144,0.4736,0.4128,0.4416,0.4352,0.4032,0.43081150159744414,0.018709590632480632,199
20.64199764728546,1.103493367141408,3.3230879068374635,0.6852159411572293,40,20,30,"{'knn__n_neighbors': 40, 'umap__n_components': 20, 'umap__n_neighbors': 30}",0.4281150159744409,0.4272,0.4368,0.4048,0.3936,0.4656,0.408,0.4384,0.4016,0.4192,0.4223315015974441,0.020432069124972613,283
20.12931911945343,1.101966441585606,2.573578453063965,0.33137278931600833,40,20,40,"{'knn__n_neighbors': 40, 'umap__n_components': 20, 'umap__n_neighbors': 40}",0.43769968051118213,0.432,0.44,0.4064,0.3952,0.4528,0.4224,0.456,0.3872,0.4256,0.42552996805111826,0.021991528422858748,257
20.064347767829894,0.25911075721693605,2.5560138702392576,0.3155604936258178,40,20,50,"{'knn__n_neighbors': 40, 'umap__n_components': 20, 'umap__n_neighbors': 50}",0.4520766773162939,0.4368,0.44,0.4128,0.4064,0.448,0.416,0.448,0.3904,0.4272,0.42776766773162933,0.01963819392857622,229
14.606348204612733,0.17005473861697482,2.2453405380249025,0.24562733854025445,40,30,10,"{'knn__n_neighbors': 40, 'umap__n_components': 30, 'umap__n_neighbors': 10}",0.44089456869009586,0.4432,0.4336,0.456,0.448,0.4752,0.4112,0.4256,0.4208,0.4352,0.43896945686900957,0.017403735408506375,75
18.19029633998871,0.27182618695063215,2.38991117477417,0.3832845332091706,40,30,20,"{'knn__n_neighbors': 40, 'umap__n_components': 30, 'umap__n_neighbors': 20}",0.4329073482428115,0.4208,0.4432,0.4288,0.4176,0.4688,0.4112,0.4336,0.4192,0.4144,0.42905073482428113,0.016264567716563056,217
20.63156979084015,0.26770336989278926,2.4481008529663084,0.22941904710433017,40,30,30,"{'knn__n_neighbors': 40, 'umap__n_components': 30, 'umap__n_neighbors': 30}",0.4472843450479233,0.408,0.4352,0.4336,0.4,0.4576,0.4096,0.432,0.4128,0.4144,0.4250484345047923,0.017884877900624197,264
22.57997658252716,0.1480531002927397,2.605767345428467,0.27055348466825346,40,30,40,"{'knn__n_neighbors': 40, 'umap__n_components': 30, 'umap__n_neighbors': 40}",0.43929712460063897,0.416,0.4448,0.4176,0.3968,0.4464,0.4064,0.4416,0.4096,0.4128,0.42312971246006387,0.01719868604581697,276
24.73844873905182,0.4651347105588288,2.7897145986557006,0.42330399524565404,40,30,50,"{'knn__n_neighbors': 40, 'umap__n_components': 30, 'umap__n_neighbors': 50}",0.4249201277955272,0.432,0.4544,0.4048,0.4064,0.4464,0.4032,0.4416,0.4032,0.3952,0.4212120127795528,0.02023837421273342,292
12.286847233772278,0.9328609732657209,1.9303940296173097,0.2960652840450745,45,2,10,"{'knn__n_neighbors': 45, 'umap__n_components': 2, 'umap__n_neighbors': 10}",0.4217252396166134,0.4528,0.432,0.4208,0.4176,0.4576,0.4224,0.4288,0.416,0.4352,0.43049252396166127,0.013683149713696614,205
10.580077075958252,0.2357807991164726,2.19709153175354,0.3378067319773695,45,2,20,"{'knn__n_neighbors': 45, 'umap__n_components': 2, 'umap__n_neighbors': 20}",0.42971246006389774,0.4048,0.4352,0.4416,0.4224,0.472,0.4304,0.4432,0.4192,0.4128,0.43113124600638975,0.017867751688293416,192
11.836559391021728,0.20863561592786725,2.2940513134002685,0.21927598111763646,45,2,30,"{'knn__n_neighbors': 45, 'umap__n_components': 2, 'umap__n_neighbors': 30}",0.41533546325878595,0.4336,0.448,0.4656,0.4176,0.4384,0.4224,0.44,0.4112,0.4176,0.4309735463258786,0.016429153092439367,196
13.494192004203796,0.4278289802502351,2.714588189125061,0.3048684186634159,45,2,40,"{'knn__n_neighbors': 45, 'umap__n_components': 2, 'umap__n_neighbors': 40}",0.4424920127795527,0.4304,0.4384,0.4272,0.4432,0.44,0.4272,0.4576,0.4032,0.4304,0.4340092012779553,0.013550326322317575,144
14.763149547576905,0.11235442010590689,2.587560200691223,0.3604956523173542,45,2,50,"{'knn__n_neighbors': 45, 'umap__n_components': 2, 'umap__n_neighbors': 50}",0.4520766773162939,0.432,0.4384,0.432,0.4224,0.464,0.4336,0.4544,0.4128,0.4384,0.43800766773162936,0.014536823092842476,86
11.241932773590088,0.7102329107146452,2.1708954334259034,0.24684520975462682,45,3,10,"{'knn__n_neighbors': 45, 'umap__n_components': 3, 'umap__n_neighbors': 10}",0.4329073482428115,0.448,0.4416,0.4304,0.4368,0.4624,0.4448,0.448,0.4496,0.4304,0.44249073482428114,0.009645455454771842,43
10.961712718009949,0.1514627285711171,2.373060607910156,0.19042914537875164,45,3,20,"{'knn__n_neighbors': 45, 'umap__n_components': 3, 'umap__n_neighbors': 20}",0.43769968051118213,0.4384,0.4304,0.432,0.4208,0.4832,0.4416,0.4576,0.432,0.4352,0.44088996805111813,0.0167042839967193,58
12.037001061439515,0.15072770565668114,2.4150111198425295,0.32139013410337547,45,3,30,"{'knn__n_neighbors': 45, 'umap__n_components': 3, 'umap__n_neighbors': 30}",0.4424920127795527,0.4496,0.4512,0.4416,0.4416,0.4512,0.4352,0.424,0.432,0.4256,0.4394492012779552,0.009495979861875201,68
13.623040413856506,0.43264129854992045,2.4998563051223757,0.21495041471003387,45,3,40,"{'knn__n_neighbors': 45, 'umap__n_components': 3, 'umap__n_neighbors': 40}",0.4680511182108626,0.4464,0.4528,0.4448,0.44,0.4688,0.4336,0.4528,0.4176,0.4272,0.44520511182108624,0.0156320610994829,32
14.94018337726593,0.2591146219584328,2.7104193210601806,0.45304677287369244,45,3,50,"{'knn__n_neighbors': 45, 'umap__n_components': 3, 'umap__n_neighbors': 50}",0.46645367412140576,0.4704,0.4672,0.4208,0.4192,0.48,0.4384,0.4656,0.432,0.4336,0.4493653674121406,0.021565842916236044,13
10.053603959083556,0.45539208288610245,2.306346583366394,0.314884790908891,45,5,10,"{'knn__n_neighbors': 45, 'umap__n_components': 5, 'umap__n_neighbors': 10}",0.46006389776357826,0.432,0.4368,0.4432,0.4144,0.4672,0.4464,0.4624,0.424,0.4464,0.4432863897763578,0.01616761088054085,41
11.50180823802948,0.18217238435506397,2.3498528242111205,0.2527789682118251,45,5,20,"{'knn__n_neighbors': 45, 'umap__n_components': 5, 'umap__n_neighbors': 20}",0.4488817891373802,0.4656,0.432,0.4448,0.4304,0.472,0.4288,0.4496,0.448,0.4432,0.44632817891373805,0.01352341559901972,23
12.921406245231628,0.19014341332178616,2.3594533920288088,0.39066860695099265,45,5,30,"{'knn__n_neighbors': 45, 'umap__n_components': 5, 'umap__n_neighbors': 30}",0.4440894568690096,0.4528,0.4608,0.4464,0.4272,0.472,0.4224,0.456,0.4448,0.4336,0.446008945686901,0.014528211778475119,28
14.533326315879822,0.6097595508343135,2.761008095741272,0.4461093505846267,45,5,40,"{'knn__n_neighbors': 45, 'umap__n_components': 5, 'umap__n_neighbors': 40}",0.4696485623003195,0.472,0.472,0.448,0.416,0.4768,0.4336,0.4608,0.4304,0.4288,0.45080485623003186,0.021083235199938655,8
16.13079535961151,0.384394217945215,2.6623552799224854,0.33784445333346863,45,5,50,"{'knn__n_neighbors': 45, 'umap__n_components': 5, 'umap__n_neighbors': 50}",0.4776357827476038,0.4784,0.456,0.4496,0.4288,0.4816,0.4256,0.4624,0.4432,0.424,0.4527235782747604,0.021098904478397188,1
10.349448013305665,0.279654119643544,2.327062177658081,0.3382556545536888,45,10,10,"{'knn__n_neighbors': 45, 'umap__n_components': 10, 'umap__n_neighbors': 10}",0.43929712460063897,0.4336,0.4368,0.4592,0.4352,0.4848,0.4416,0.4336,0.4336,0.4224,0.4420097124600638,0.016745938588522497,50
12.208960890769958,0.2052220054533651,2.3121007919311523,0.23427078322897021,45,10,20,"{'knn__n_neighbors': 45, 'umap__n_components': 10, 'umap__n_neighbors': 20}",0.42012779552715657,0.4448,0.448,0.4352,0.4176,0.4752,0.4528,0.4464,0.44,0.4432,0.44233277955271566,0.015512594580516875,47
14.110739684104919,0.3775827443824274,2.3540061712265015,0.18144832244994832,45,10,30,"{'knn__n_neighbors': 45, 'umap__n_components': 10, 'umap__n_neighbors': 30}",0.426517571884984,0.4512,0.4496,0.4384,0.4176,0.4672,0.448,0.472,0.4416,0.4448,0.44569175718849835,0.015598637340961353,29
15.82288167476654,0.2369950402037255,2.7288546562194824,0.3352790305825187,45,10,40,"{'knn__n_neighbors': 45, 'umap__n_components': 10, 'umap__n_neighbors': 40}",0.4424920127795527,0.432,0.4576,0.4512,0.4176,0.4672,0.4288,0.4688,0.4224,0.4368,0.4424892012779553,0.01720444389590001,46
17.12037079334259,0.21592463794303024,2.5897167205810545,0.26262453531022373,45,10,50,"{'knn__n_neighbors': 45, 'umap__n_components': 10, 'umap__n_neighbors': 50}",0.4536741214057508,0.4624,0.4544,0.4368,0.4128,0.4672,0.424,0.4656,0.4368,0.4368,0.4450474121405751,0.017501708211060327,33
11.274841284751892,0.33635588455729204,2.2026096105575563,0.1657036514958425,45,15,10,"{'knn__n_neighbors': 45, 'umap__n_components': 15, 'umap__n_neighbors': 10}",0.44089456869009586,0.4336,0.4336,0.44,0.432,0.4864,0.432,0.4592,0.408,0.432,0.43976945686900953,0.019544279858282918,64
13.860008096694946,0.15498793520043205,2.448138689994812,0.2358262149878422,45,15,20,"{'knn__n_neighbors': 45, 'umap__n_components': 15, 'umap__n_neighbors': 20}",0.43130990415335463,0.4336,0.456,0.424,0.416,0.4928,0.4496,0.4432,0.4368,0.4368,0.4420109904153355,0.02018602720031402,49
15.826234126091004,0.33554246471342264,2.5809802532196047,0.3668821753816871,45,15,30,"{'knn__n_neighbors': 45, 'umap__n_components': 15, 'umap__n_neighbors': 30}",0.4329073482428115,0.4368,0.4416,0.432,0.3984,0.4752,0.4272,0.4624,0.4096,0.4144,0.43305073482428114,0.022042919144532925,163
17.396293115615844,0.16009735031069328,2.441219687461853,0.16741638430162922,45,15,40,"{'knn__n_neighbors': 45, 'umap__n_components': 15, 'umap__n_neighbors': 40}",0.4281150159744409,0.4288,0.448,0.448,0.4,0.4656,0.432,0.456,0.4096,0.4144,0.43305150159744416,0.020166200794360285,162
18.998620176315306,0.21494265933881923,2.424194884300232,0.22007368379104136,45,15,50,"{'knn__n_neighbors': 45, 'umap__n_components': 15, 'umap__n_neighbors': 50}",0.4504792332268371,0.4368,0.4512,0.4272,0.4096,0.4704,0.4256,0.4528,0.416,0.4192,0.43592792332268376,0.0186324347425746,109
11.394864273071288,0.20806096169086347,2.19048433303833,0.27327387250682716,45,20,10,"{'knn__n_neighbors': 45, 'umap__n_components': 20, 'umap__n_neighbors': 10}",0.4472843450479233,0.4272,0.4176,0.4448,0.448,0.4816,0.4336,0.4448,0.4048,0.4256,0.43752843450479234,0.019963905737120154,90
14.120440912246703,0.2036336710402015,2.316065263748169,0.2424741839461592,45,20,20,"{'knn__n_neighbors': 45, 'umap__n_components': 20, 'umap__n_neighbors': 20}",0.44568690095846647,0.4384,0.4432,0.4304,0.4224,0.4752,0.4288,0.4544,0.4304,0.4224,0.4391286900958466,0.01553457123006828,74
16.27133526802063,0.21768690313737543,2.3178221225738525,0.1740916602550447,45,20,30,"{'knn__n_neighbors': 45, 'umap__n_components': 20, 'umap__n_neighbors': 30}",0.42971246006389774,0.424,0.4464,0.4272,0.3888,0.4768,0.4176,0.456,0.4048,0.416,0.42873124600638973,0.024176983501363106,221
18.27339823246002,0.2655291326968594,2.7085320949554443,0.34997827481885535,45,20,40,"{'knn__n_neighbors': 45, 'umap__n_components': 20, 'umap__n_neighbors': 40}",0.43450479233226835,0.4224,0.4608,0.4192,0.3968,0.4544,0.424,0.456,0.3888,0.4176,0.42745047923322677,0.023106563120799232,231
20.295477628707886,0.8246788270463689,2.910299873352051,0.5672992596905054,45,20,50,"{'knn__n_neighbors': 45, 'umap__n_components': 20, 'umap__n_neighbors': 50}",0.43610223642172524,0.4336,0.4576,0.4224,0.4096,0.4576,0.4176,0.4528,0.3936,0.4144,0.4295302236421725,0.020705917973088978,214
16.68717577457428,0.5362664530385316,2.698435592651367,0.41517807263552003,45,30,10,"{'knn__n_neighbors': 45, 'umap__n_components': 30, 'umap__n_neighbors': 10}",0.4424920127795527,0.4448,0.4448,0.464,0.4576,0.4816,0.432,0.4272,0.424,0.4192,0.44376920127795527,0.018555380203477523,38
20.41080219745636,0.8629325635270805,3.0259403944015504,0.45328733239138425,45,30,20,"{'knn__n_neighbors': 45, 'umap__n_components': 30, 'umap__n_neighbors': 20}",0.4440894568690096,0.4384,0.4528,0.4256,0.416,0.472,0.4144,0.44,0.424,0.4128,0.4340089456869009,0.018118378348126143,145
22.22822082042694,0.507638752510314,2.6355777025222777,0.2591196670010285,45,30,30,"{'knn__n_neighbors': 45, 'umap__n_components': 30, 'umap__n_neighbors': 30}",0.4424920127795527,0.4208,0.4448,0.4272,0.3936,0.48,0.4144,0.4432,0.4176,0.4064,0.4290492012779553,0.02326329770515368,219
24.152563166618346,1.2628000645570345,2.6296795129776003,0.24857108405161507,45,30,40,"{'knn__n_neighbors': 45, 'umap__n_components': 30, 'umap__n_neighbors': 40}",0.43450479233226835,0.4176,0.4736,0.4208,0.3968,0.4528,0.4112,0.4496,0.392,0.4048,0.4253704792332268,0.02526667474888024,260
22.766610431671143,1.326171259187437,2.1281677007675173,0.3322837232612531,45,30,50,"{'knn__n_neighbors': 45, 'umap__n_components': 30, 'umap__n_neighbors': 50}",0.4249201277955272,0.4368,0.4816,0.4128,0.4112,0.4496,0.4128,0.456,0.4096,0.4,0.4295320127795527,0.02460458286829661,213
